y	variant	y_transform	x_model	x_plot	fit_model_space	ci_lo_model_space	ci_hi_model_space	fit_y_units	ci_lo_y_units	ci_hi_y_units
avi_top1_per_kb	A_raw_x	raw	1	1	29.1534	28.602	29.7047	29.1534	28.602	29.7047
avi_top1_per_kb	A_raw_x	raw	13.7419	13.7419	29.2324	28.6906	29.7743	29.2324	28.6906	29.7743
avi_top1_per_kb	A_raw_x	raw	26.4837	26.4837	29.3115	28.7788	29.8441	29.3115	28.7788	29.8441
avi_top1_per_kb	A_raw_x	raw	39.2256	39.2256	29.3905	28.8668	29.9142	29.3905	28.8668	29.9142
avi_top1_per_kb	A_raw_x	raw	51.9674	51.9674	29.4695	28.9544	29.9846	29.4695	28.9544	29.9846
avi_top1_per_kb	A_raw_x	raw	64.7093	64.7093	29.5486	29.0418	30.0554	29.5486	29.0418	30.0554
avi_top1_per_kb	A_raw_x	raw	77.4511	77.4511	29.6276	29.1287	30.1265	29.6276	29.1287	30.1265
avi_top1_per_kb	A_raw_x	raw	90.193	90.193	29.7066	29.2153	30.198	29.7066	29.2153	30.198
avi_top1_per_kb	A_raw_x	raw	102.935	102.935	29.7857	29.3015	30.2698	29.7857	29.3015	30.2698
avi_top1_per_kb	A_raw_x	raw	115.677	115.677	29.8647	29.3874	30.342	29.8647	29.3874	30.342
avi_top1_per_kb	A_raw_x	raw	128.419	128.419	29.9437	29.4728	30.4147	29.9437	29.4728	30.4147
avi_top1_per_kb	A_raw_x	raw	141.16	141.16	30.0228	29.5578	30.4878	30.0228	29.5578	30.4878
avi_top1_per_kb	A_raw_x	raw	153.902	153.902	30.1018	29.6423	30.5613	30.1018	29.6423	30.5613
avi_top1_per_kb	A_raw_x	raw	166.644	166.644	30.1809	29.7264	30.6353	30.1809	29.7264	30.6353
avi_top1_per_kb	A_raw_x	raw	179.386	179.386	30.2599	29.8099	30.7098	30.2599	29.8099	30.7098
avi_top1_per_kb	A_raw_x	raw	192.128	192.128	30.3389	29.893	30.7848	30.3389	29.893	30.7848
avi_top1_per_kb	A_raw_x	raw	204.87	204.87	30.418	29.9756	30.8603	30.418	29.9756	30.8603
avi_top1_per_kb	A_raw_x	raw	217.612	217.612	30.497	30.0577	30.9363	30.497	30.0577	30.9363
avi_top1_per_kb	A_raw_x	raw	230.353	230.353	30.576	30.1392	31.0129	30.576	30.1392	31.0129
avi_top1_per_kb	A_raw_x	raw	243.095	243.095	30.6551	30.2202	31.0899	30.6551	30.2202	31.0899
avi_top1_per_kb	A_raw_x	raw	255.837	255.837	30.7341	30.3006	31.1676	30.7341	30.3006	31.1676
avi_top1_per_kb	A_raw_x	raw	268.579	268.579	30.8131	30.3805	31.2458	30.8131	30.3805	31.2458
avi_top1_per_kb	A_raw_x	raw	281.321	281.321	30.8922	30.4598	31.3245	30.8922	30.4598	31.3245
avi_top1_per_kb	A_raw_x	raw	294.063	294.063	30.9712	30.5386	31.4038	30.9712	30.5386	31.4038
avi_top1_per_kb	A_raw_x	raw	306.805	306.805	31.0502	30.6168	31.4837	31.0502	30.6168	31.4837
avi_top1_per_kb	A_raw_x	raw	319.546	319.546	31.1293	30.6945	31.5641	31.1293	30.6945	31.5641
avi_top1_per_kb	A_raw_x	raw	332.288	332.288	31.2083	30.7716	31.645	31.2083	30.7716	31.645
avi_top1_per_kb	A_raw_x	raw	345.03	345.03	31.2873	30.8482	31.7265	31.2873	30.8482	31.7265
avi_top1_per_kb	A_raw_x	raw	357.772	357.772	31.3664	30.9242	31.8086	31.3664	30.9242	31.8086
avi_top1_per_kb	A_raw_x	raw	370.514	370.514	31.4454	30.9997	31.8911	31.4454	30.9997	31.8911
avi_top1_per_kb	A_raw_x	raw	383.256	383.256	31.5245	31.0747	31.9742	31.5245	31.0747	31.9742
avi_top1_per_kb	A_raw_x	raw	395.997	395.997	31.6035	31.1492	32.0578	31.6035	31.1492	32.0578
avi_top1_per_kb	A_raw_x	raw	408.739	408.739	31.6825	31.2232	32.1418	31.6825	31.2232	32.1418
avi_top1_per_kb	A_raw_x	raw	421.481	421.481	31.7616	31.2968	32.2263	31.7616	31.2968	32.2263
avi_top1_per_kb	A_raw_x	raw	434.223	434.223	31.8406	31.3699	32.3113	31.8406	31.3699	32.3113
avi_top1_per_kb	A_raw_x	raw	446.965	446.965	31.9196	31.4426	32.3967	31.9196	31.4426	32.3967
avi_top1_per_kb	A_raw_x	raw	459.707	459.707	31.9987	31.5149	32.4825	31.9987	31.5149	32.4825
avi_top1_per_kb	A_raw_x	raw	472.449	472.449	32.0777	31.5867	32.5687	32.0777	31.5867	32.5687
avi_top1_per_kb	A_raw_x	raw	485.19	485.19	32.1567	31.6582	32.6553	32.1567	31.6582	32.6553
avi_top1_per_kb	A_raw_x	raw	497.932	497.932	32.2358	31.7293	32.7422	32.2358	31.7293	32.7422
avi_top1_per_kb	A_raw_x	raw	510.674	510.674	32.3148	31.8001	32.8295	32.3148	31.8001	32.8295
avi_top1_per_kb	A_raw_x	raw	523.416	523.416	32.3938	31.8706	32.9171	32.3938	31.8706	32.9171
avi_top1_per_kb	A_raw_x	raw	536.158	536.158	32.4729	31.9407	33.0051	32.4729	31.9407	33.0051
avi_top1_per_kb	A_raw_x	raw	548.9	548.9	32.5519	32.0105	33.0933	32.5519	32.0105	33.0933
avi_top1_per_kb	A_raw_x	raw	561.642	561.642	32.631	32.0801	33.1818	32.631	32.0801	33.1818
avi_top1_per_kb	A_raw_x	raw	574.383	574.383	32.71	32.1493	33.2706	32.71	32.1493	33.2706
avi_top1_per_kb	A_raw_x	raw	587.125	587.125	32.789	32.2184	33.3597	32.789	32.2184	33.3597
avi_top1_per_kb	A_raw_x	raw	599.867	599.867	32.8681	32.2871	33.449	32.8681	32.2871	33.449
avi_top1_per_kb	A_raw_x	raw	612.609	612.609	32.9471	32.3557	33.5385	32.9471	32.3557	33.5385
avi_top1_per_kb	A_raw_x	raw	625.351	625.351	33.0261	32.424	33.6283	33.0261	32.424	33.6283
avi_top1_per_kb	A_raw_x	raw	638.093	638.093	33.1052	32.4921	33.7182	33.1052	32.4921	33.7182
avi_top1_per_kb	A_raw_x	raw	650.835	650.835	33.1842	32.56	33.8084	33.1842	32.56	33.8084
avi_top1_per_kb	A_raw_x	raw	663.576	663.576	33.2632	32.6278	33.8987	33.2632	32.6278	33.8987
avi_top1_per_kb	A_raw_x	raw	676.318	676.318	33.3423	32.6953	33.9892	33.3423	32.6953	33.9892
avi_top1_per_kb	A_raw_x	raw	689.06	689.06	33.4213	32.7627	34.0799	33.4213	32.7627	34.0799
avi_top1_per_kb	A_raw_x	raw	701.802	701.802	33.5003	32.83	34.1707	33.5003	32.83	34.1707
avi_top1_per_kb	A_raw_x	raw	714.544	714.544	33.5794	32.8971	34.2617	33.5794	32.8971	34.2617
avi_top1_per_kb	A_raw_x	raw	727.286	727.286	33.6584	32.964	34.3528	33.6584	32.964	34.3528
avi_top1_per_kb	A_raw_x	raw	740.028	740.028	33.7374	33.0308	34.4441	33.7374	33.0308	34.4441
avi_top1_per_kb	A_raw_x	raw	752.769	752.769	33.8165	33.0975	34.5355	33.8165	33.0975	34.5355
avi_top1_per_kb	A_raw_x	raw	765.511	765.511	33.8955	33.1641	34.627	33.8955	33.1641	34.627
avi_top1_per_kb	A_raw_x	raw	778.253	778.253	33.9746	33.2305	34.7186	33.9746	33.2305	34.7186
avi_top1_per_kb	A_raw_x	raw	790.995	790.995	34.0536	33.2969	34.8103	34.0536	33.2969	34.8103
avi_top1_per_kb	A_raw_x	raw	803.737	803.737	34.1326	33.3631	34.9022	34.1326	33.3631	34.9022
avi_top1_per_kb	A_raw_x	raw	816.479	816.479	34.2117	33.4292	34.9941	34.2117	33.4292	34.9941
avi_top1_per_kb	A_raw_x	raw	829.221	829.221	34.2907	33.4953	35.0861	34.2907	33.4953	35.0861
avi_top1_per_kb	A_raw_x	raw	841.962	841.962	34.3697	33.5612	35.1782	34.3697	33.5612	35.1782
avi_top1_per_kb	A_raw_x	raw	854.704	854.704	34.4488	33.6271	35.2705	34.4488	33.6271	35.2705
avi_top1_per_kb	A_raw_x	raw	867.446	867.446	34.5278	33.6929	35.3627	34.5278	33.6929	35.3627
avi_top1_per_kb	A_raw_x	raw	880.188	880.188	34.6068	33.7586	35.4551	34.6068	33.7586	35.4551
avi_top1_per_kb	A_raw_x	raw	892.93	892.93	34.6859	33.8242	35.5475	34.6859	33.8242	35.5475
avi_top1_per_kb	A_raw_x	raw	905.672	905.672	34.7649	33.8898	35.6401	34.7649	33.8898	35.6401
avi_top1_per_kb	A_raw_x	raw	918.414	918.414	34.8439	33.9553	35.7326	34.8439	33.9553	35.7326
avi_top1_per_kb	A_raw_x	raw	931.155	931.155	34.923	34.0207	35.8253	34.923	34.0207	35.8253
avi_top1_per_kb	A_raw_x	raw	943.897	943.897	35.002	34.0861	35.918	35.002	34.0861	35.918
avi_top1_per_kb	A_raw_x	raw	956.639	956.639	35.0811	34.1514	36.0107	35.0811	34.1514	36.0107
avi_top1_per_kb	A_raw_x	raw	969.381	969.381	35.1601	34.2166	36.1035	35.1601	34.2166	36.1035
avi_top1_per_kb	A_raw_x	raw	982.123	982.123	35.2391	34.2818	36.1964	35.2391	34.2818	36.1964
avi_top1_per_kb	A_raw_x	raw	994.865	994.865	35.3182	34.347	36.2893	35.3182	34.347	36.2893
avi_top1_per_kb	A_raw_x	raw	1007.61	1007.61	35.3972	34.4121	36.3823	35.3972	34.4121	36.3823
avi_top1_per_kb	A_raw_x	raw	1020.35	1020.35	35.4762	34.4771	36.4753	35.4762	34.4771	36.4753
avi_top1_per_kb	A_raw_x	raw	1033.09	1033.09	35.5553	34.5421	36.5684	35.5553	34.5421	36.5684
avi_top1_per_kb	A_raw_x	raw	1045.83	1045.83	35.6343	34.6071	36.6615	35.6343	34.6071	36.6615
avi_top1_per_kb	A_raw_x	raw	1058.57	1058.57	35.7133	34.672	36.7546	35.7133	34.672	36.7546
avi_top1_per_kb	A_raw_x	raw	1071.32	1071.32	35.7924	34.7369	36.8478	35.7924	34.7369	36.8478
avi_top1_per_kb	A_raw_x	raw	1084.06	1084.06	35.8714	34.8018	36.9411	35.8714	34.8018	36.9411
avi_top1_per_kb	A_raw_x	raw	1096.8	1096.8	35.9504	34.8666	37.0343	35.9504	34.8666	37.0343
avi_top1_per_kb	A_raw_x	raw	1109.54	1109.54	36.0295	34.9313	37.1276	36.0295	34.9313	37.1276
avi_top1_per_kb	A_raw_x	raw	1122.28	1122.28	36.1085	34.9961	37.221	36.1085	34.9961	37.221
avi_top1_per_kb	A_raw_x	raw	1135.03	1135.03	36.1875	35.0608	37.3143	36.1875	35.0608	37.3143
avi_top1_per_kb	A_raw_x	raw	1147.77	1147.77	36.2666	35.1254	37.4077	36.2666	35.1254	37.4077
avi_top1_per_kb	A_raw_x	raw	1160.51	1160.51	36.3456	35.1901	37.5012	36.3456	35.1901	37.5012
avi_top1_per_kb	A_raw_x	raw	1173.25	1173.25	36.4247	35.2547	37.5946	36.4247	35.2547	37.5946
avi_top1_per_kb	A_raw_x	raw	1185.99	1185.99	36.5037	35.3193	37.6881	36.5037	35.3193	37.6881
avi_top1_per_kb	A_raw_x	raw	1198.73	1198.73	36.5827	35.3838	37.7816	36.5827	35.3838	37.7816
avi_top1_per_kb	A_raw_x	raw	1211.48	1211.48	36.6618	35.4484	37.8751	36.6618	35.4484	37.8751
avi_top1_per_kb	A_raw_x	raw	1224.22	1224.22	36.7408	35.5129	37.9687	36.7408	35.5129	37.9687
avi_top1_per_kb	A_raw_x	raw	1236.96	1236.96	36.8198	35.5774	38.0623	36.8198	35.5774	38.0623
avi_top1_per_kb	A_raw_x	raw	1249.7	1249.7	36.8989	35.6418	38.1559	36.8989	35.6418	38.1559
avi_top1_per_kb	A_raw_x	raw	1262.44	1262.44	36.9779	35.7063	38.2495	36.9779	35.7063	38.2495
avi_top1_per_kb	A_raw_x	raw	1275.19	1275.19	37.0569	35.7707	38.3432	37.0569	35.7707	38.3432
avi_top1_per_kb	A_raw_x	raw	1287.93	1287.93	37.136	35.8351	38.4369	37.136	35.8351	38.4369
avi_top1_per_kb	A_raw_x	raw	1300.67	1300.67	37.215	35.8994	38.5306	37.215	35.8994	38.5306
avi_top1_per_kb	A_raw_x	raw	1313.41	1313.41	37.294	35.9638	38.6243	37.294	35.9638	38.6243
avi_top1_per_kb	A_raw_x	raw	1326.15	1326.15	37.3731	36.0281	38.718	37.3731	36.0281	38.718
avi_top1_per_kb	A_raw_x	raw	1338.89	1338.89	37.4521	36.0924	38.8118	37.4521	36.0924	38.8118
avi_top1_per_kb	A_raw_x	raw	1351.64	1351.64	37.5312	36.1567	38.9056	37.5312	36.1567	38.9056
avi_top1_per_kb	A_raw_x	raw	1364.38	1364.38	37.6102	36.221	38.9994	37.6102	36.221	38.9994
avi_top1_per_kb	A_raw_x	raw	1377.12	1377.12	37.6892	36.2853	39.0932	37.6892	36.2853	39.0932
avi_top1_per_kb	A_raw_x	raw	1389.86	1389.86	37.7683	36.3495	39.187	37.7683	36.3495	39.187
avi_top1_per_kb	A_raw_x	raw	1402.6	1402.6	37.8473	36.4138	39.2808	37.8473	36.4138	39.2808
avi_top1_per_kb	A_raw_x	raw	1415.35	1415.35	37.9263	36.478	39.3747	37.9263	36.478	39.3747
avi_top1_per_kb	A_raw_x	raw	1428.09	1428.09	38.0054	36.5422	39.4686	38.0054	36.5422	39.4686
avi_top1_per_kb	A_raw_x	raw	1440.83	1440.83	38.0844	36.6064	39.5624	38.0844	36.6064	39.5624
avi_top1_per_kb	A_raw_x	raw	1453.57	1453.57	38.1634	36.6705	39.6563	38.1634	36.6705	39.6563
avi_top1_per_kb	A_raw_x	raw	1466.31	1466.31	38.2425	36.7347	39.7503	38.2425	36.7347	39.7503
avi_top1_per_kb	A_raw_x	raw	1479.06	1479.06	38.3215	36.7988	39.8442	38.3215	36.7988	39.8442
avi_top1_per_kb	A_raw_x	raw	1491.8	1491.8	38.4005	36.863	39.9381	38.4005	36.863	39.9381
avi_top1_per_kb	A_raw_x	raw	1504.54	1504.54	38.4796	36.9271	40.0321	38.4796	36.9271	40.0321
avi_top1_per_kb	A_raw_x	raw	1517.28	1517.28	38.5586	36.9912	40.126	38.5586	36.9912	40.126
avi_top1_per_kb	A_raw_x	raw	1530.02	1530.02	38.6377	37.0553	40.22	38.6377	37.0553	40.22
avi_top1_per_kb	A_raw_x	raw	1542.76	1542.76	38.7167	37.1194	40.314	38.7167	37.1194	40.314
avi_top1_per_kb	A_raw_x	raw	1555.51	1555.51	38.7957	37.1835	40.408	38.7957	37.1835	40.408
avi_top1_per_kb	A_raw_x	raw	1568.25	1568.25	38.8748	37.2475	40.502	38.8748	37.2475	40.502
avi_top1_per_kb	A_raw_x	raw	1580.99	1580.99	38.9538	37.3116	40.596	38.9538	37.3116	40.596
avi_top1_per_kb	A_raw_x	raw	1593.73	1593.73	39.0328	37.3756	40.69	39.0328	37.3756	40.69
avi_top1_per_kb	A_raw_x	raw	1606.47	1606.47	39.1119	37.4396	40.7841	39.1119	37.4396	40.7841
avi_top1_per_kb	A_raw_x	raw	1619.22	1619.22	39.1909	37.5037	40.8781	39.1909	37.5037	40.8781
avi_top1_per_kb	A_raw_x	raw	1631.96	1631.96	39.2699	37.5677	40.9722	39.2699	37.5677	40.9722
avi_top1_per_kb	A_raw_x	raw	1644.7	1644.7	39.349	37.6317	41.0662	39.349	37.6317	41.0662
avi_top1_per_kb	A_raw_x	raw	1657.44	1657.44	39.428	37.6957	41.1603	39.428	37.6957	41.1603
avi_top1_per_kb	A_raw_x	raw	1670.18	1670.18	39.507	37.7597	41.2544	39.507	37.7597	41.2544
avi_top1_per_kb	A_raw_x	raw	1682.92	1682.92	39.5861	37.8237	41.3485	39.5861	37.8237	41.3485
avi_top1_per_kb	A_raw_x	raw	1695.67	1695.67	39.6651	37.8876	41.4426	39.6651	37.8876	41.4426
avi_top1_per_kb	A_raw_x	raw	1708.41	1708.41	39.7441	37.9516	41.5367	39.7441	37.9516	41.5367
avi_top1_per_kb	A_raw_x	raw	1721.15	1721.15	39.8232	38.0155	41.6308	39.8232	38.0155	41.6308
avi_top1_per_kb	A_raw_x	raw	1733.89	1733.89	39.9022	38.0795	41.7249	39.9022	38.0795	41.7249
avi_top1_per_kb	A_raw_x	raw	1746.63	1746.63	39.9813	38.1434	41.8191	39.9813	38.1434	41.8191
avi_top1_per_kb	A_raw_x	raw	1759.38	1759.38	40.0603	38.2074	41.9132	40.0603	38.2074	41.9132
avi_top1_per_kb	A_raw_x	raw	1772.12	1772.12	40.1393	38.2713	42.0074	40.1393	38.2713	42.0074
avi_top1_per_kb	A_raw_x	raw	1784.86	1784.86	40.2184	38.3352	42.1015	40.2184	38.3352	42.1015
avi_top1_per_kb	A_raw_x	raw	1797.6	1797.6	40.2974	38.3991	42.1957	40.2974	38.3991	42.1957
avi_top1_per_kb	A_raw_x	raw	1810.34	1810.34	40.3764	38.463	42.2898	40.3764	38.463	42.2898
avi_top1_per_kb	A_raw_x	raw	1823.09	1823.09	40.4555	38.5269	42.384	40.4555	38.5269	42.384
avi_top1_per_kb	A_raw_x	raw	1835.83	1835.83	40.5345	38.5908	42.4782	40.5345	38.5908	42.4782
avi_top1_per_kb	A_raw_x	raw	1848.57	1848.57	40.6135	38.6547	42.5724	40.6135	38.6547	42.5724
avi_top1_per_kb	A_raw_x	raw	1861.31	1861.31	40.6926	38.7186	42.6666	40.6926	38.7186	42.6666
avi_top1_per_kb	A_raw_x	raw	1874.05	1874.05	40.7716	38.7824	42.7608	40.7716	38.7824	42.7608
avi_top1_per_kb	A_raw_x	raw	1886.79	1886.79	40.8506	38.8463	42.855	40.8506	38.8463	42.855
avi_top1_per_kb	A_raw_x	raw	1899.54	1899.54	40.9297	38.9102	42.9492	40.9297	38.9102	42.9492
avi_top1_per_kb	A_raw_x	raw	1912.28	1912.28	41.0087	38.974	43.0434	41.0087	38.974	43.0434
avi_top1_per_kb	A_raw_x	raw	1925.02	1925.02	41.0878	39.0379	43.1376	41.0878	39.0379	43.1376
avi_top1_per_kb	A_raw_x	raw	1937.76	1937.76	41.1668	39.1017	43.2318	41.1668	39.1017	43.2318
avi_top1_per_kb	A_raw_x	raw	1950.5	1950.5	41.2458	39.1656	43.3261	41.2458	39.1656	43.3261
avi_top1_per_kb	A_raw_x	raw	1963.25	1963.25	41.3249	39.2294	43.4203	41.3249	39.2294	43.4203
avi_top1_per_kb	A_raw_x	raw	1975.99	1975.99	41.4039	39.2932	43.5145	41.4039	39.2932	43.5145
avi_top1_per_kb	A_raw_x	raw	1988.73	1988.73	41.4829	39.3571	43.6088	41.4829	39.3571	43.6088
avi_top1_per_kb	A_raw_x	raw	2001.47	2001.47	41.562	39.4209	43.703	41.562	39.4209	43.703
avi_top1_per_kb	A_raw_x	raw	2014.21	2014.21	41.641	39.4847	43.7973	41.641	39.4847	43.7973
avi_top1_per_kb	A_raw_x	raw	2026.95	2026.95	41.72	39.5485	43.8915	41.72	39.5485	43.8915
avi_top1_per_kb	A_raw_x	raw	2039.7	2039.7	41.7991	39.6123	43.9858	41.7991	39.6123	43.9858
avi_top1_per_kb	A_raw_x	raw	2052.44	2052.44	41.8781	39.6761	44.0801	41.8781	39.6761	44.0801
avi_top1_per_kb	A_raw_x	raw	2065.18	2065.18	41.9571	39.7399	44.1743	41.9571	39.7399	44.1743
avi_top1_per_kb	A_raw_x	raw	2077.92	2077.92	42.0362	39.8037	44.2686	42.0362	39.8037	44.2686
avi_top1_per_kb	A_raw_x	raw	2090.66	2090.66	42.1152	39.8675	44.3629	42.1152	39.8675	44.3629
avi_top1_per_kb	A_raw_x	raw	2103.41	2103.41	42.1942	39.9313	44.4572	42.1942	39.9313	44.4572
avi_top1_per_kb	A_raw_x	raw	2116.15	2116.15	42.2733	39.9951	44.5515	42.2733	39.9951	44.5515
avi_top1_per_kb	A_raw_x	raw	2128.89	2128.89	42.3523	40.0589	44.6458	42.3523	40.0589	44.6458
avi_top1_per_kb	A_raw_x	raw	2141.63	2141.63	42.4314	40.1227	44.7401	42.4314	40.1227	44.7401
avi_top1_per_kb	A_raw_x	raw	2154.37	2154.37	42.5104	40.1864	44.8344	42.5104	40.1864	44.8344
avi_top1_per_kb	A_raw_x	raw	2167.12	2167.12	42.5894	40.2502	44.9287	42.5894	40.2502	44.9287
avi_top1_per_kb	A_raw_x	raw	2179.86	2179.86	42.6685	40.314	45.023	42.6685	40.314	45.023
avi_top1_per_kb	A_raw_x	raw	2192.6	2192.6	42.7475	40.3777	45.1173	42.7475	40.3777	45.1173
avi_top1_per_kb	A_raw_x	raw	2205.34	2205.34	42.8265	40.4415	45.2116	42.8265	40.4415	45.2116
avi_top1_per_kb	A_raw_x	raw	2218.08	2218.08	42.9056	40.5052	45.3059	42.9056	40.5052	45.3059
avi_top1_per_kb	A_raw_x	raw	2230.82	2230.82	42.9846	40.569	45.4002	42.9846	40.569	45.4002
avi_top1_per_kb	A_raw_x	raw	2243.57	2243.57	43.0636	40.6327	45.4945	43.0636	40.6327	45.4945
avi_top1_per_kb	A_raw_x	raw	2256.31	2256.31	43.1427	40.6965	45.5889	43.1427	40.6965	45.5889
avi_top1_per_kb	A_raw_x	raw	2269.05	2269.05	43.2217	40.7602	45.6832	43.2217	40.7602	45.6832
avi_top1_per_kb	A_raw_x	raw	2281.79	2281.79	43.3007	40.824	45.7775	43.3007	40.824	45.7775
avi_top1_per_kb	A_raw_x	raw	2294.53	2294.53	43.3798	40.8877	45.8719	43.3798	40.8877	45.8719
avi_top1_per_kb	A_raw_x	raw	2307.28	2307.28	43.4588	40.9514	45.9662	43.4588	40.9514	45.9662
avi_top1_per_kb	A_raw_x	raw	2320.02	2320.02	43.5379	41.0152	46.0605	43.5379	41.0152	46.0605
avi_top1_per_kb	A_raw_x	raw	2332.76	2332.76	43.6169	41.0789	46.1549	43.6169	41.0789	46.1549
avi_top1_per_kb	A_raw_x	raw	2345.5	2345.5	43.6959	41.1426	46.2492	43.6959	41.1426	46.2492
avi_top1_per_kb	A_raw_x	raw	2358.24	2358.24	43.775	41.2063	46.3436	43.775	41.2063	46.3436
avi_top1_per_kb	A_raw_x	raw	2370.98	2370.98	43.854	41.2701	46.4379	43.854	41.2701	46.4379
avi_top1_per_kb	A_raw_x	raw	2383.73	2383.73	43.933	41.3338	46.5323	43.933	41.3338	46.5323
avi_top1_per_kb	A_raw_x	raw	2396.47	2396.47	44.0121	41.3975	46.6266	44.0121	41.3975	46.6266
avi_top1_per_kb	A_raw_x	raw	2409.21	2409.21	44.0911	41.4612	46.721	44.0911	41.4612	46.721
avi_top1_per_kb	A_raw_x	raw	2421.95	2421.95	44.1701	41.5249	46.8154	44.1701	41.5249	46.8154
avi_top1_per_kb	A_raw_x	raw	2434.69	2434.69	44.2492	41.5886	46.9097	44.2492	41.5886	46.9097
avi_top1_per_kb	A_raw_x	raw	2447.44	2447.44	44.3282	41.6523	47.0041	44.3282	41.6523	47.0041
avi_top1_per_kb	A_raw_x	raw	2460.18	2460.18	44.4072	41.716	47.0985	44.4072	41.716	47.0985
avi_top1_per_kb	A_raw_x	raw	2472.92	2472.92	44.4863	41.7797	47.1928	44.4863	41.7797	47.1928
avi_top1_per_kb	A_raw_x	raw	2485.66	2485.66	44.5653	41.8434	47.2872	44.5653	41.8434	47.2872
avi_top1_per_kb	A_raw_x	raw	2498.4	2498.4	44.6443	41.9071	47.3816	44.6443	41.9071	47.3816
avi_top1_per_kb	A_raw_x	raw	2511.15	2511.15	44.7234	41.9708	47.4759	44.7234	41.9708	47.4759
avi_top1_per_kb	A_raw_x	raw	2523.89	2523.89	44.8024	42.0345	47.5703	44.8024	42.0345	47.5703
avi_top1_per_kb	A_raw_x	raw	2536.63	2536.63	44.8815	42.0982	47.6647	44.8815	42.0982	47.6647
avi_top1_per_kb	A_raw_x	raw	2549.37	2549.37	44.9605	42.1619	47.7591	44.9605	42.1619	47.7591
avi_top1_per_kb	A_raw_x	raw	2562.11	2562.11	45.0395	42.2256	47.8535	45.0395	42.2256	47.8535
avi_top1_per_kb	A_raw_x	raw	2574.85	2574.85	45.1186	42.2893	47.9479	45.1186	42.2893	47.9479
avi_top1_per_kb	A_raw_x	raw	2587.6	2587.6	45.1976	42.3529	48.0423	45.1976	42.3529	48.0423
avi_top1_per_kb	A_raw_x	raw	2600.34	2600.34	45.2766	42.4166	48.1366	45.2766	42.4166	48.1366
avi_top1_per_kb	A_raw_x	raw	2613.08	2613.08	45.3557	42.4803	48.231	45.3557	42.4803	48.231
avi_top1_per_kb	A_raw_x	raw	2625.82	2625.82	45.4347	42.544	48.3254	45.4347	42.544	48.3254
avi_top1_per_kb	A_raw_x	raw	2638.56	2638.56	45.5137	42.6076	48.4198	45.5137	42.6076	48.4198
avi_top1_per_kb	A_raw_x	raw	2651.31	2651.31	45.5928	42.6713	48.5142	45.5928	42.6713	48.5142
avi_top1_per_kb	A_raw_x	raw	2664.05	2664.05	45.6718	42.735	48.6086	45.6718	42.735	48.6086
avi_top1_per_kb	A_raw_x	raw	2676.79	2676.79	45.7508	42.7987	48.703	45.7508	42.7987	48.703
avi_top1_per_kb	A_raw_x	raw	2689.53	2689.53	45.8299	42.8623	48.7974	45.8299	42.8623	48.7974
avi_top1_per_kb	A_raw_x	raw	2702.27	2702.27	45.9089	42.926	48.8918	45.9089	42.926	48.8918
avi_top1_per_kb	A_raw_x	raw	2715.02	2715.02	45.988	42.9896	48.9863	45.988	42.9896	48.9863
avi_top1_per_kb	A_raw_x	raw	2727.76	2727.76	46.067	43.0533	49.0807	46.067	43.0533	49.0807
avi_top1_per_kb	A_raw_x	raw	2740.5	2740.5	46.146	43.117	49.1751	46.146	43.117	49.1751
avi_top1_per_kb	A_raw_x	raw	2753.24	2753.24	46.2251	43.1806	49.2695	46.2251	43.1806	49.2695
avi_top1_per_kb	A_raw_x	raw	2765.98	2765.98	46.3041	43.2443	49.3639	46.3041	43.2443	49.3639
avi_top1_per_kb	A_raw_x	raw	2778.72	2778.72	46.3831	43.3079	49.4583	46.3831	43.3079	49.4583
avi_top1_per_kb	A_raw_x	raw	2791.47	2791.47	46.4622	43.3716	49.5527	46.4622	43.3716	49.5527
avi_top1_per_kb	A_raw_x	raw	2804.21	2804.21	46.5412	43.4352	49.6472	46.5412	43.4352	49.6472
avi_top1_per_kb	A_raw_x	raw	2816.95	2816.95	46.6202	43.4989	49.7416	46.6202	43.4989	49.7416
avi_top1_per_kb	A_raw_x	raw	2829.69	2829.69	46.6993	43.5625	49.836	46.6993	43.5625	49.836
avi_top1_per_kb	A_raw_x	raw	2842.43	2842.43	46.7783	43.6262	49.9304	46.7783	43.6262	49.9304
avi_top1_per_kb	A_raw_x	raw	2855.18	2855.18	46.8573	43.6898	50.0249	46.8573	43.6898	50.0249
avi_top1_per_kb	A_raw_x	raw	2867.92	2867.92	46.9364	43.7535	50.1193	46.9364	43.7535	50.1193
avi_top1_per_kb	A_raw_x	raw	2880.66	2880.66	47.0154	43.8171	50.2137	47.0154	43.8171	50.2137
avi_top1_per_kb	A_raw_x	raw	2893.4	2893.4	47.0944	43.8808	50.3081	47.0944	43.8808	50.3081
avi_top1_per_kb	A_raw_x	raw	2906.14	2906.14	47.1735	43.9444	50.4026	47.1735	43.9444	50.4026
avi_top1_per_kb	A_raw_x	raw	2918.88	2918.88	47.2525	44.008	50.497	47.2525	44.008	50.497
avi_top1_per_kb	A_raw_x	raw	2931.63	2931.63	47.3316	44.0717	50.5914	47.3316	44.0717	50.5914
avi_top1_per_kb	A_raw_x	raw	2944.37	2944.37	47.4106	44.1353	50.6859	47.4106	44.1353	50.6859
avi_top1_per_kb	A_raw_x	raw	2957.11	2957.11	47.4896	44.1989	50.7803	47.4896	44.1989	50.7803
avi_top1_per_kb	A_raw_x	raw	2969.85	2969.85	47.5687	44.2626	50.8747	47.5687	44.2626	50.8747
avi_top1_per_kb	A_raw_x	raw	2982.59	2982.59	47.6477	44.3262	50.9692	47.6477	44.3262	50.9692
avi_top1_per_kb	A_raw_x	raw	2995.34	2995.34	47.7267	44.3898	51.0636	47.7267	44.3898	51.0636
avi_top1_per_kb	A_raw_x	raw	3008.08	3008.08	47.8058	44.4535	51.1581	47.8058	44.4535	51.1581
avi_top1_per_kb	A_raw_x	raw	3020.82	3020.82	47.8848	44.5171	51.2525	47.8848	44.5171	51.2525
avi_top1_per_kb	A_raw_x	raw	3033.56	3033.56	47.9638	44.5807	51.3469	47.9638	44.5807	51.3469
avi_top1_per_kb	A_raw_x	raw	3046.3	3046.3	48.0429	44.6444	51.4414	48.0429	44.6444	51.4414
avi_top1_per_kb	A_raw_x	raw	3059.05	3059.05	48.1219	44.708	51.5358	48.1219	44.708	51.5358
avi_top1_per_kb	A_raw_x	raw	3071.79	3071.79	48.2009	44.7716	51.6303	48.2009	44.7716	51.6303
avi_top1_per_kb	A_raw_x	raw	3084.53	3084.53	48.28	44.8352	51.7247	48.28	44.8352	51.7247
avi_top1_per_kb	A_raw_x	raw	3097.27	3097.27	48.359	44.8989	51.8192	48.359	44.8989	51.8192
avi_top1_per_kb	A_raw_x	raw	3110.01	3110.01	48.4381	44.9625	51.9136	48.4381	44.9625	51.9136
avi_top1_per_kb	A_raw_x	raw	3122.75	3122.75	48.5171	45.0261	52.0081	48.5171	45.0261	52.0081
avi_top1_per_kb	A_raw_x	raw	3135.5	3135.5	48.5961	45.0897	52.1025	48.5961	45.0897	52.1025
avi_top1_per_kb	A_raw_x	raw	3148.24	3148.24	48.6752	45.1533	52.197	48.6752	45.1533	52.197
avi_top1_per_kb	A_raw_x	raw	3160.98	3160.98	48.7542	45.2169	52.2914	48.7542	45.2169	52.2914
avi_top1_per_kb	A_raw_x	raw	3173.72	3173.72	48.8332	45.2806	52.3859	48.8332	45.2806	52.3859
avi_top1_per_kb	A_raw_x	raw	3186.46	3186.46	48.9123	45.3442	52.4803	48.9123	45.3442	52.4803
avi_top1_per_kb	A_raw_x	raw	3199.21	3199.21	48.9913	45.4078	52.5748	48.9913	45.4078	52.5748
avi_top1_per_kb	A_raw_x	raw	3211.95	3211.95	49.0703	45.4714	52.6693	49.0703	45.4714	52.6693
avi_top1_per_kb	A_raw_x	raw	3224.69	3224.69	49.1494	45.535	52.7637	49.1494	45.535	52.7637
avi_top1_per_kb	A_raw_x	raw	3237.43	3237.43	49.2284	45.5986	52.8582	49.2284	45.5986	52.8582
avi_top1_per_kb	A_raw_x	raw	3250.17	3250.17	49.3074	45.6622	52.9526	49.3074	45.6622	52.9526
avi_top1_per_kb	A_raw_x	raw	3262.91	3262.91	49.3865	45.7258	53.0471	49.3865	45.7258	53.0471
avi_top1_per_kb	A_raw_x	raw	3275.66	3275.66	49.4655	45.7895	53.1416	49.4655	45.7895	53.1416
avi_top1_per_kb	A_raw_x	raw	3288.4	3288.4	49.5445	45.8531	53.236	49.5445	45.8531	53.236
avi_top1_per_kb	A_raw_x	raw	3301.14	3301.14	49.6236	45.9167	53.3305	49.6236	45.9167	53.3305
avi_top1_per_kb	A_raw_x	raw	3313.88	3313.88	49.7026	45.9803	53.425	49.7026	45.9803	53.425
avi_top1_per_kb	A_raw_x	raw	3326.62	3326.62	49.7817	46.0439	53.5194	49.7817	46.0439	53.5194
avi_top1_per_kb	A_raw_x	raw	3339.37	3339.37	49.8607	46.1075	53.6139	49.8607	46.1075	53.6139
avi_top1_per_kb	A_raw_x	raw	3352.11	3352.11	49.9397	46.1711	53.7084	49.9397	46.1711	53.7084
avi_top1_per_kb	A_raw_x	raw	3364.85	3364.85	50.0188	46.2347	53.8028	50.0188	46.2347	53.8028
avi_top1_per_kb	A_raw_x	raw	3377.59	3377.59	50.0978	46.2983	53.8973	50.0978	46.2983	53.8973
avi_top1_per_kb	A_raw_x	raw	3390.33	3390.33	50.1768	46.3619	53.9918	50.1768	46.3619	53.9918
avi_top1_per_kb	A_raw_x	raw	3403.08	3403.08	50.2559	46.4255	54.0862	50.2559	46.4255	54.0862
avi_top1_per_kb	A_raw_x	raw	3415.82	3415.82	50.3349	46.4891	54.1807	50.3349	46.4891	54.1807
avi_top1_per_kb	A_raw_x	raw	3428.56	3428.56	50.4139	46.5527	54.2752	50.4139	46.5527	54.2752
avi_top1_per_kb	A_raw_x	raw	3441.3	3441.3	50.493	46.6163	54.3697	50.493	46.6163	54.3697
avi_top1_per_kb	A_raw_x	raw	3454.04	3454.04	50.572	46.6799	54.4641	50.572	46.6799	54.4641
avi_top1_per_kb	A_raw_x	raw	3466.78	3466.78	50.651	46.7435	54.5586	50.651	46.7435	54.5586
avi_top1_per_kb	A_raw_x	raw	3479.53	3479.53	50.7301	46.8071	54.6531	50.7301	46.8071	54.6531
avi_top1_per_kb	A_raw_x	raw	3492.27	3492.27	50.8091	46.8707	54.7476	50.8091	46.8707	54.7476
avi_top1_per_kb	A_raw_x	raw	3505.01	3505.01	50.8882	46.9343	54.842	50.8882	46.9343	54.842
avi_top1_per_kb	A_raw_x	raw	3517.75	3517.75	50.9672	46.9978	54.9365	50.9672	46.9978	54.9365
avi_top1_per_kb	A_raw_x	raw	3530.49	3530.49	51.0462	47.0614	55.031	51.0462	47.0614	55.031
avi_top1_per_kb	A_raw_x	raw	3543.24	3543.24	51.1253	47.125	55.1255	51.1253	47.125	55.1255
avi_top1_per_kb	A_raw_x	raw	3555.98	3555.98	51.2043	47.1886	55.22	51.2043	47.1886	55.22
avi_top1_per_kb	A_raw_x	raw	3568.72	3568.72	51.2833	47.2522	55.3144	51.2833	47.2522	55.3144
avi_top1_per_kb	A_raw_x	raw	3581.46	3581.46	51.3624	47.3158	55.4089	51.3624	47.3158	55.4089
avi_top1_per_kb	A_raw_x	raw	3594.2	3594.2	51.4414	47.3794	55.5034	51.4414	47.3794	55.5034
avi_top1_per_kb	A_raw_x	raw	3606.94	3606.94	51.5204	47.443	55.5979	51.5204	47.443	55.5979
avi_top1_per_kb	A_raw_x	raw	3619.69	3619.69	51.5995	47.5066	55.6924	51.5995	47.5066	55.6924
avi_top1_per_kb	A_raw_x	raw	3632.43	3632.43	51.6785	47.5701	55.7869	51.6785	47.5701	55.7869
avi_top1_per_kb	A_raw_x	raw	3645.17	3645.17	51.7575	47.6337	55.8814	51.7575	47.6337	55.8814
avi_top1_per_kb	A_raw_x	raw	3657.91	3657.91	51.8366	47.6973	55.9758	51.8366	47.6973	55.9758
avi_top1_per_kb	A_raw_x	raw	3670.65	3670.65	51.9156	47.7609	56.0703	51.9156	47.7609	56.0703
avi_top1_per_kb	A_raw_x	raw	3683.4	3683.4	51.9946	47.8245	56.1648	51.9946	47.8245	56.1648
avi_top1_per_kb	A_raw_x	raw	3696.14	3696.14	52.0737	47.8881	56.2593	52.0737	47.8881	56.2593
avi_top1_per_kb	A_raw_x	raw	3708.88	3708.88	52.1527	47.9516	56.3538	52.1527	47.9516	56.3538
avi_top1_per_kb	A_raw_x	raw	3721.62	3721.62	52.2318	48.0152	56.4483	52.2318	48.0152	56.4483
avi_top1_per_kb	A_raw_x	raw	3734.36	3734.36	52.3108	48.0788	56.5428	52.3108	48.0788	56.5428
avi_top1_per_kb	A_raw_x	raw	3747.11	3747.11	52.3898	48.1424	56.6373	52.3898	48.1424	56.6373
avi_top1_per_kb	A_raw_x	raw	3759.85	3759.85	52.4689	48.206	56.7317	52.4689	48.206	56.7317
avi_top1_per_kb	A_raw_x	raw	3772.59	3772.59	52.5479	48.2696	56.8262	52.5479	48.2696	56.8262
avi_top1_per_kb	A_raw_x	raw	3785.33	3785.33	52.6269	48.3331	56.9207	52.6269	48.3331	56.9207
avi_top1_per_kb	A_raw_x	raw	3798.07	3798.07	52.706	48.3967	57.0152	52.706	48.3967	57.0152
avi_top1_per_kb	A_raw_x	raw	3810.81	3810.81	52.785	48.4603	57.1097	52.785	48.4603	57.1097
avi_top1_per_kb	A_raw_x	raw	3823.56	3823.56	52.864	48.5239	57.2042	52.864	48.5239	57.2042
avi_top1_per_kb	A_raw_x	raw	3836.3	3836.3	52.9431	48.5874	57.2987	52.9431	48.5874	57.2987
avi_top1_per_kb	A_raw_x	raw	3849.04	3849.04	53.0221	48.651	57.3932	53.0221	48.651	57.3932
avi_top1_per_kb	A_raw_x	raw	3861.78	3861.78	53.1011	48.7146	57.4877	53.1011	48.7146	57.4877
avi_top1_per_kb	A_raw_x	raw	3874.52	3874.52	53.1802	48.7782	57.5822	53.1802	48.7782	57.5822
avi_top1_per_kb	A_raw_x	raw	3887.27	3887.27	53.2592	48.8417	57.6767	53.2592	48.8417	57.6767
avi_top1_per_kb	A_raw_x	raw	3900.01	3900.01	53.3383	48.9053	57.7712	53.3383	48.9053	57.7712
avi_top1_per_kb	A_raw_x	raw	3912.75	3912.75	53.4173	48.9689	57.8657	53.4173	48.9689	57.8657
avi_top1_per_kb	A_raw_x	raw	3925.49	3925.49	53.4963	49.0325	57.9602	53.4963	49.0325	57.9602
avi_top1_per_kb	A_raw_x	raw	3938.23	3938.23	53.5754	49.096	58.0547	53.5754	49.096	58.0547
avi_top1_per_kb	A_raw_x	raw	3950.97	3950.97	53.6544	49.1596	58.1492	53.6544	49.1596	58.1492
avi_top1_per_kb	A_raw_x	raw	3963.72	3963.72	53.7334	49.2232	58.2437	53.7334	49.2232	58.2437
avi_top1_per_kb	A_raw_x	raw	3976.46	3976.46	53.8125	49.2868	58.3382	53.8125	49.2868	58.3382
avi_top1_per_kb	A_raw_x	raw	3989.2	3989.2	53.8915	49.3503	58.4327	53.8915	49.3503	58.4327
avi_top1_per_kb	A_raw_x	raw	4001.94	4001.94	53.9705	49.4139	58.5272	53.9705	49.4139	58.5272
avi_top1_per_kb	A_raw_x	raw	4014.68	4014.68	54.0496	49.4775	58.6217	54.0496	49.4775	58.6217
avi_top1_per_kb	A_raw_x	raw	4027.43	4027.43	54.1286	49.541	58.7162	54.1286	49.541	58.7162
avi_top1_per_kb	A_raw_x	raw	4040.17	4040.17	54.2076	49.6046	58.8107	54.2076	49.6046	58.8107
avi_top1_per_kb	A_raw_x	raw	4052.91	4052.91	54.2867	49.6682	58.9052	54.2867	49.6682	58.9052
avi_top1_per_kb	A_raw_x	raw	4065.65	4065.65	54.3657	49.7317	58.9997	54.3657	49.7317	58.9997
avi_top1_per_kb	A_raw_x	raw	4078.39	4078.39	54.4447	49.7953	59.0942	54.4447	49.7953	59.0942
avi_top1_per_kb	A_raw_x	raw	4091.14	4091.14	54.5238	49.8589	59.1887	54.5238	49.8589	59.1887
avi_top1_per_kb	A_raw_x	raw	4103.88	4103.88	54.6028	49.9224	59.2832	54.6028	49.9224	59.2832
avi_top1_per_kb	A_raw_x	raw	4116.62	4116.62	54.6819	49.986	59.3777	54.6819	49.986	59.3777
avi_top1_per_kb	A_raw_x	raw	4129.36	4129.36	54.7609	50.0496	59.4722	54.7609	50.0496	59.4722
avi_top1_per_kb	A_raw_x	raw	4142.1	4142.1	54.8399	50.1131	59.5667	54.8399	50.1131	59.5667
avi_top1_per_kb	A_raw_x	raw	4154.84	4154.84	54.919	50.1767	59.6612	54.919	50.1767	59.6612
avi_top1_per_kb	A_raw_x	raw	4167.59	4167.59	54.998	50.2403	59.7557	54.998	50.2403	59.7557
avi_top1_per_kb	A_raw_x	raw	4180.33	4180.33	55.077	50.3038	59.8502	55.077	50.3038	59.8502
avi_top1_per_kb	A_raw_x	raw	4193.07	4193.07	55.1561	50.3674	59.9447	55.1561	50.3674	59.9447
avi_top1_per_kb	A_raw_x	raw	4205.81	4205.81	55.2351	50.431	60.0393	55.2351	50.431	60.0393
avi_top1_per_kb	A_raw_x	raw	4218.55	4218.55	55.3141	50.4945	60.1338	55.3141	50.4945	60.1338
avi_top1_per_kb	A_raw_x	raw	4231.3	4231.3	55.3932	50.5581	60.2283	55.3932	50.5581	60.2283
avi_top1_per_kb	A_raw_x	raw	4244.04	4244.04	55.4722	50.6216	60.3228	55.4722	50.6216	60.3228
avi_top1_per_kb	A_raw_x	raw	4256.78	4256.78	55.5512	50.6852	60.4173	55.5512	50.6852	60.4173
avi_top1_per_kb	A_raw_x	raw	4269.52	4269.52	55.6303	50.7488	60.5118	55.6303	50.7488	60.5118
avi_top1_per_kb	A_raw_x	raw	4282.26	4282.26	55.7093	50.8123	60.6063	55.7093	50.8123	60.6063
avi_top1_per_kb	A_raw_x	raw	4295.01	4295.01	55.7884	50.8759	60.7008	55.7884	50.8759	60.7008
avi_top1_per_kb	A_raw_x	raw	4307.75	4307.75	55.8674	50.9394	60.7953	55.8674	50.9394	60.7953
avi_top1_per_kb	A_raw_x	raw	4320.49	4320.49	55.9464	51.003	60.8898	55.9464	51.003	60.8898
avi_top1_per_kb	A_raw_x	raw	4333.23	4333.23	56.0255	51.0666	60.9844	56.0255	51.0666	60.9844
avi_top1_per_kb	A_raw_x	raw	4345.97	4345.97	56.1045	51.1301	61.0789	56.1045	51.1301	61.0789
avi_top1_per_kb	A_raw_x	raw	4358.71	4358.71	56.1835	51.1937	61.1734	56.1835	51.1937	61.1734
avi_top1_per_kb	A_raw_x	raw	4371.46	4371.46	56.2626	51.2572	61.2679	56.2626	51.2572	61.2679
avi_top1_per_kb	A_raw_x	raw	4384.2	4384.2	56.3416	51.3208	61.3624	56.3416	51.3208	61.3624
avi_top1_per_kb	A_raw_x	raw	4396.94	4396.94	56.4206	51.3843	61.4569	56.4206	51.3843	61.4569
avi_top1_per_kb	A_raw_x	raw	4409.68	4409.68	56.4997	51.4479	61.5514	56.4997	51.4479	61.5514
avi_top1_per_kb	A_raw_x	raw	4422.42	4422.42	56.5787	51.5115	61.646	56.5787	51.5115	61.646
avi_top1_per_kb	A_raw_x	raw	4435.17	4435.17	56.6577	51.575	61.7405	56.6577	51.575	61.7405
avi_top1_per_kb	A_raw_x	raw	4447.91	4447.91	56.7368	51.6386	61.835	56.7368	51.6386	61.835
avi_top1_per_kb	A_raw_x	raw	4460.65	4460.65	56.8158	51.7021	61.9295	56.8158	51.7021	61.9295
avi_top1_per_kb	A_raw_x	raw	4473.39	4473.39	56.8948	51.7657	62.024	56.8948	51.7657	62.024
avi_top1_per_kb	A_raw_x	raw	4486.13	4486.13	56.9739	51.8292	62.1185	56.9739	51.8292	62.1185
avi_top1_per_kb	A_raw_x	raw	4498.87	4498.87	57.0529	51.8928	62.213	57.0529	51.8928	62.213
avi_top1_per_kb	A_raw_x	raw	4511.62	4511.62	57.132	51.9563	62.3076	57.132	51.9563	62.3076
avi_top1_per_kb	A_raw_x	raw	4524.36	4524.36	57.211	52.0199	62.4021	57.211	52.0199	62.4021
avi_top1_per_kb	A_raw_x	raw	4537.1	4537.1	57.29	52.0835	62.4966	57.29	52.0835	62.4966
avi_top1_per_kb	A_raw_x	raw	4549.84	4549.84	57.3691	52.147	62.5911	57.3691	52.147	62.5911
avi_top1_per_kb	A_raw_x	raw	4562.58	4562.58	57.4481	52.2106	62.6856	57.4481	52.2106	62.6856
avi_top1_per_kb	A_raw_x	raw	4575.33	4575.33	57.5271	52.2741	62.7802	57.5271	52.2741	62.7802
avi_top1_per_kb	A_raw_x	raw	4588.07	4588.07	57.6062	52.3377	62.8747	57.6062	52.3377	62.8747
avi_top1_per_kb	A_raw_x	raw	4600.81	4600.81	57.6852	52.4012	62.9692	57.6852	52.4012	62.9692
avi_top1_per_kb	A_raw_x	raw	4613.55	4613.55	57.7642	52.4648	63.0637	57.7642	52.4648	63.0637
avi_top1_per_kb	A_raw_x	raw	4626.29	4626.29	57.8433	52.5283	63.1582	57.8433	52.5283	63.1582
avi_top1_per_kb	A_raw_x	raw	4639.04	4639.04	57.9223	52.5919	63.2527	57.9223	52.5919	63.2527
avi_top1_per_kb	A_raw_x	raw	4651.78	4651.78	58.0013	52.6554	63.3473	58.0013	52.6554	63.3473
avi_top1_per_kb	A_raw_x	raw	4664.52	4664.52	58.0804	52.719	63.4418	58.0804	52.719	63.4418
avi_top1_per_kb	A_raw_x	raw	4677.26	4677.26	58.1594	52.7825	63.5363	58.1594	52.7825	63.5363
avi_top1_per_kb	A_raw_x	raw	4690	4690	58.2385	52.8461	63.6308	58.2385	52.8461	63.6308
avi_top1_per_kb	A_raw_x	raw	4702.74	4702.74	58.3175	52.9096	63.7254	58.3175	52.9096	63.7254
avi_top1_per_kb	A_raw_x	raw	4715.49	4715.49	58.3965	52.9732	63.8199	58.3965	52.9732	63.8199
avi_top1_per_kb	A_raw_x	raw	4728.23	4728.23	58.4756	53.0367	63.9144	58.4756	53.0367	63.9144
avi_top1_per_kb	A_raw_x	raw	4740.97	4740.97	58.5546	53.1003	64.0089	58.5546	53.1003	64.0089
avi_top1_per_kb	A_raw_x	raw	4753.71	4753.71	58.6336	53.1638	64.1034	58.6336	53.1638	64.1034
avi_top1_per_kb	A_raw_x	raw	4766.45	4766.45	58.7127	53.2274	64.198	58.7127	53.2274	64.198
avi_top1_per_kb	A_raw_x	raw	4779.2	4779.2	58.7917	53.2909	64.2925	58.7917	53.2909	64.2925
avi_top1_per_kb	A_raw_x	raw	4791.94	4791.94	58.8707	53.3545	64.387	58.8707	53.3545	64.387
avi_top1_per_kb	A_raw_x	raw	4804.68	4804.68	58.9498	53.418	64.4815	58.9498	53.418	64.4815
avi_top1_per_kb	A_raw_x	raw	4817.42	4817.42	59.0288	53.4816	64.5761	59.0288	53.4816	64.5761
avi_top1_per_kb	A_raw_x	raw	4830.16	4830.16	59.1078	53.5451	64.6706	59.1078	53.5451	64.6706
avi_top1_per_kb	A_raw_x	raw	4842.9	4842.9	59.1869	53.6086	64.7651	59.1869	53.6086	64.7651
avi_top1_per_kb	A_raw_x	raw	4855.65	4855.65	59.2659	53.6722	64.8596	59.2659	53.6722	64.8596
avi_top1_per_kb	A_raw_x	raw	4868.39	4868.39	59.3449	53.7357	64.9542	59.3449	53.7357	64.9542
avi_top1_per_kb	A_raw_x	raw	4881.13	4881.13	59.424	53.7993	65.0487	59.424	53.7993	65.0487
avi_top1_per_kb	A_raw_x	raw	4893.87	4893.87	59.503	53.8628	65.1432	59.503	53.8628	65.1432
avi_top1_per_kb	A_raw_x	raw	4906.61	4906.61	59.5821	53.9264	65.2377	59.5821	53.9264	65.2377
avi_top1_per_kb	A_raw_x	raw	4919.36	4919.36	59.6611	53.9899	65.3323	59.6611	53.9899	65.3323
avi_top1_per_kb	A_raw_x	raw	4932.1	4932.1	59.7401	54.0535	65.4268	59.7401	54.0535	65.4268
avi_top1_per_kb	A_raw_x	raw	4944.84	4944.84	59.8192	54.117	65.5213	59.8192	54.117	65.5213
avi_top1_per_kb	A_raw_x	raw	4957.58	4957.58	59.8982	54.1806	65.6158	59.8982	54.1806	65.6158
avi_top1_per_kb	A_raw_x	raw	4970.32	4970.32	59.9772	54.2441	65.7104	59.9772	54.2441	65.7104
avi_top1_per_kb	A_raw_x	raw	4983.07	4983.07	60.0563	54.3076	65.8049	60.0563	54.3076	65.8049
avi_top1_per_kb	A_raw_x	raw	4995.81	4995.81	60.1353	54.3712	65.8994	60.1353	54.3712	65.8994
avi_top1_per_kb	A_raw_x	raw	5008.55	5008.55	60.2143	54.4347	65.9939	60.2143	54.4347	65.9939
avi_top1_per_kb	A_raw_x	raw	5021.29	5021.29	60.2934	54.4983	66.0885	60.2934	54.4983	66.0885
avi_top1_per_kb	A_raw_x	raw	5034.03	5034.03	60.3724	54.5618	66.183	60.3724	54.5618	66.183
avi_top1_per_kb	A_raw_x	raw	5046.77	5046.77	60.4514	54.6254	66.2775	60.4514	54.6254	66.2775
avi_top1_per_kb	A_raw_x	raw	5059.52	5059.52	60.5305	54.6889	66.3721	60.5305	54.6889	66.3721
avi_top1_per_kb	A_raw_x	raw	5072.26	5072.26	60.6095	54.7524	66.4666	60.6095	54.7524	66.4666
avi_top1_per_kb	A_raw_x	raw	5085	5085	60.6886	54.816	66.5611	60.6886	54.816	66.5611
avi_top1_per_kb	B_log10_x	raw	0	1	24.93	23.721	26.139	24.93	23.721	26.139
avi_top1_per_kb	B_log10_x	raw	0.00928895	1.02162	24.9574	23.7533	26.1616	24.9574	23.7533	26.1616
avi_top1_per_kb	B_log10_x	raw	0.0185779	1.04371	24.9849	23.7856	26.1842	24.9849	23.7856	26.1842
avi_top1_per_kb	B_log10_x	raw	0.0278668	1.06627	25.0123	23.8178	26.2067	25.0123	23.8178	26.2067
avi_top1_per_kb	B_log10_x	raw	0.0371558	1.08932	25.0397	23.8501	26.2293	25.0397	23.8501	26.2293
avi_top1_per_kb	B_log10_x	raw	0.0464447	1.11287	25.0671	23.8824	26.2519	25.0671	23.8824	26.2519
avi_top1_per_kb	B_log10_x	raw	0.0557337	1.13693	25.0946	23.9146	26.2745	25.0946	23.9146	26.2745
avi_top1_per_kb	B_log10_x	raw	0.0650226	1.16151	25.122	23.9469	26.2971	25.122	23.9469	26.2971
avi_top1_per_kb	B_log10_x	raw	0.0743116	1.18662	25.1494	23.9791	26.3197	25.1494	23.9791	26.3197
avi_top1_per_kb	B_log10_x	raw	0.0836005	1.21227	25.1768	24.0114	26.3423	25.1768	24.0114	26.3423
avi_top1_per_kb	B_log10_x	raw	0.0928895	1.23848	25.2043	24.0436	26.3649	25.2043	24.0436	26.3649
avi_top1_per_kb	B_log10_x	raw	0.102178	1.26526	25.2317	24.0759	26.3875	25.2317	24.0759	26.3875
avi_top1_per_kb	B_log10_x	raw	0.111467	1.29261	25.2591	24.1081	26.4101	25.2591	24.1081	26.4101
avi_top1_per_kb	B_log10_x	raw	0.120756	1.32055	25.2865	24.1403	26.4328	25.2865	24.1403	26.4328
avi_top1_per_kb	B_log10_x	raw	0.130045	1.3491	25.314	24.1726	26.4554	25.314	24.1726	26.4554
avi_top1_per_kb	B_log10_x	raw	0.139334	1.37827	25.3414	24.2048	26.478	25.3414	24.2048	26.478
avi_top1_per_kb	B_log10_x	raw	0.148623	1.40807	25.3688	24.237	26.5006	25.3688	24.237	26.5006
avi_top1_per_kb	B_log10_x	raw	0.157912	1.43851	25.3963	24.2693	26.5233	25.3963	24.2693	26.5233
avi_top1_per_kb	B_log10_x	raw	0.167201	1.46961	25.4237	24.3015	26.5459	25.4237	24.3015	26.5459
avi_top1_per_kb	B_log10_x	raw	0.17649	1.50138	25.4511	24.3337	26.5685	25.4511	24.3337	26.5685
avi_top1_per_kb	B_log10_x	raw	0.185779	1.53384	25.4785	24.3659	26.5912	25.4785	24.3659	26.5912
avi_top1_per_kb	B_log10_x	raw	0.195068	1.567	25.506	24.3981	26.6138	25.506	24.3981	26.6138
avi_top1_per_kb	B_log10_x	raw	0.204357	1.60087	25.5334	24.4303	26.6365	25.5334	24.4303	26.6365
avi_top1_per_kb	B_log10_x	raw	0.213646	1.63548	25.5608	24.4625	26.6591	25.5608	24.4625	26.6591
avi_top1_per_kb	B_log10_x	raw	0.222935	1.67084	25.5882	24.4947	26.6818	25.5882	24.4947	26.6818
avi_top1_per_kb	B_log10_x	raw	0.232224	1.70696	25.6157	24.5269	26.7044	25.6157	24.5269	26.7044
avi_top1_per_kb	B_log10_x	raw	0.241513	1.74386	25.6431	24.5591	26.7271	25.6431	24.5591	26.7271
avi_top1_per_kb	B_log10_x	raw	0.250802	1.78156	25.6705	24.5913	26.7497	25.6705	24.5913	26.7497
avi_top1_per_kb	B_log10_x	raw	0.260091	1.82008	25.6979	24.6235	26.7724	25.6979	24.6235	26.7724
avi_top1_per_kb	B_log10_x	raw	0.26938	1.85943	25.7254	24.6556	26.7951	25.7254	24.6556	26.7951
avi_top1_per_kb	B_log10_x	raw	0.278668	1.89963	25.7528	24.6878	26.8178	25.7528	24.6878	26.8178
avi_top1_per_kb	B_log10_x	raw	0.287957	1.9407	25.7802	24.72	26.8405	25.7802	24.72	26.8405
avi_top1_per_kb	B_log10_x	raw	0.297246	1.98265	25.8076	24.7521	26.8631	25.8076	24.7521	26.8631
avi_top1_per_kb	B_log10_x	raw	0.306535	2.02551	25.8351	24.7843	26.8858	25.8351	24.7843	26.8858
avi_top1_per_kb	B_log10_x	raw	0.315824	2.0693	25.8625	24.8165	26.9085	25.8625	24.8165	26.9085
avi_top1_per_kb	B_log10_x	raw	0.325113	2.11404	25.8899	24.8486	26.9312	25.8899	24.8486	26.9312
avi_top1_per_kb	B_log10_x	raw	0.334402	2.15974	25.9173	24.8808	26.9539	25.9173	24.8808	26.9539
avi_top1_per_kb	B_log10_x	raw	0.343691	2.20644	25.9448	24.9129	26.9766	25.9448	24.9129	26.9766
avi_top1_per_kb	B_log10_x	raw	0.35298	2.25414	25.9722	24.945	26.9994	25.9722	24.945	26.9994
avi_top1_per_kb	B_log10_x	raw	0.362269	2.30287	25.9996	24.9772	27.0221	25.9996	24.9772	27.0221
avi_top1_per_kb	B_log10_x	raw	0.371558	2.35265	26.0271	25.0093	27.0448	26.0271	25.0093	27.0448
avi_top1_per_kb	B_log10_x	raw	0.380847	2.40352	26.0545	25.0414	27.0675	26.0545	25.0414	27.0675
avi_top1_per_kb	B_log10_x	raw	0.390136	2.45548	26.0819	25.0736	27.0903	26.0819	25.0736	27.0903
avi_top1_per_kb	B_log10_x	raw	0.399425	2.50856	26.1093	25.1057	27.113	26.1093	25.1057	27.113
avi_top1_per_kb	B_log10_x	raw	0.408714	2.56279	26.1368	25.1378	27.1357	26.1368	25.1378	27.1357
avi_top1_per_kb	B_log10_x	raw	0.418003	2.6182	26.1642	25.1699	27.1585	26.1642	25.1699	27.1585
avi_top1_per_kb	B_log10_x	raw	0.427292	2.6748	26.1916	25.202	27.1812	26.1916	25.202	27.1812
avi_top1_per_kb	B_log10_x	raw	0.436581	2.73263	26.219	25.2341	27.204	26.219	25.2341	27.204
avi_top1_per_kb	B_log10_x	raw	0.44587	2.79171	26.2465	25.2662	27.2268	26.2465	25.2662	27.2268
avi_top1_per_kb	B_log10_x	raw	0.455159	2.85206	26.2739	25.2982	27.2495	26.2739	25.2982	27.2495
avi_top1_per_kb	B_log10_x	raw	0.464447	2.91372	26.3013	25.3303	27.2723	26.3013	25.3303	27.2723
avi_top1_per_kb	B_log10_x	raw	0.473736	2.97671	26.3287	25.3624	27.2951	26.3287	25.3624	27.2951
avi_top1_per_kb	B_log10_x	raw	0.483025	3.04106	26.3562	25.3945	27.3179	26.3562	25.3945	27.3179
avi_top1_per_kb	B_log10_x	raw	0.492314	3.10681	26.3836	25.4265	27.3407	26.3836	25.4265	27.3407
avi_top1_per_kb	B_log10_x	raw	0.501603	3.17397	26.411	25.4586	27.3635	26.411	25.4586	27.3635
avi_top1_per_kb	B_log10_x	raw	0.510892	3.24259	26.4384	25.4906	27.3863	26.4384	25.4906	27.3863
avi_top1_per_kb	B_log10_x	raw	0.520181	3.31269	26.4659	25.5227	27.4091	26.4659	25.5227	27.4091
avi_top1_per_kb	B_log10_x	raw	0.52947	3.38431	26.4933	25.5547	27.4319	26.4933	25.5547	27.4319
avi_top1_per_kb	B_log10_x	raw	0.538759	3.45748	26.5207	25.5867	27.4547	26.5207	25.5867	27.4547
avi_top1_per_kb	B_log10_x	raw	0.548048	3.53222	26.5482	25.6188	27.4775	26.5482	25.6188	27.4775
avi_top1_per_kb	B_log10_x	raw	0.557337	3.60859	26.5756	25.6508	27.5004	26.5756	25.6508	27.5004
avi_top1_per_kb	B_log10_x	raw	0.566626	3.6866	26.603	25.6828	27.5232	26.603	25.6828	27.5232
avi_top1_per_kb	B_log10_x	raw	0.575915	3.7663	26.6304	25.7148	27.5461	26.6304	25.7148	27.5461
avi_top1_per_kb	B_log10_x	raw	0.585204	3.84772	26.6579	25.7468	27.5689	26.6579	25.7468	27.5689
avi_top1_per_kb	B_log10_x	raw	0.594493	3.93091	26.6853	25.7788	27.5918	26.6853	25.7788	27.5918
avi_top1_per_kb	B_log10_x	raw	0.603782	4.01589	26.7127	25.8108	27.6146	26.7127	25.8108	27.6146
avi_top1_per_kb	B_log10_x	raw	0.613071	4.10271	26.7401	25.8428	27.6375	26.7401	25.8428	27.6375
avi_top1_per_kb	B_log10_x	raw	0.62236	4.19141	26.7676	25.8747	27.6604	26.7676	25.8747	27.6604
avi_top1_per_kb	B_log10_x	raw	0.631649	4.28202	26.795	25.9067	27.6833	26.795	25.9067	27.6833
avi_top1_per_kb	B_log10_x	raw	0.640938	4.37459	26.8224	25.9387	27.7062	26.8224	25.9387	27.7062
avi_top1_per_kb	B_log10_x	raw	0.650226	4.46917	26.8498	25.9706	27.7291	26.8498	25.9706	27.7291
avi_top1_per_kb	B_log10_x	raw	0.659515	4.56578	26.8773	26.0026	27.752	26.8773	26.0026	27.752
avi_top1_per_kb	B_log10_x	raw	0.668804	4.66449	26.9047	26.0345	27.7749	26.9047	26.0345	27.7749
avi_top1_per_kb	B_log10_x	raw	0.678093	4.76533	26.9321	26.0664	27.7978	26.9321	26.0664	27.7978
avi_top1_per_kb	B_log10_x	raw	0.687382	4.86836	26.9595	26.0983	27.8207	26.9595	26.0983	27.8207
avi_top1_per_kb	B_log10_x	raw	0.696671	4.9736	26.987	26.1303	27.8437	26.987	26.1303	27.8437
avi_top1_per_kb	B_log10_x	raw	0.70596	5.08113	27.0144	26.1622	27.8666	27.0144	26.1622	27.8666
avi_top1_per_kb	B_log10_x	raw	0.715249	5.19098	27.0418	26.1941	27.8896	27.0418	26.1941	27.8896
avi_top1_per_kb	B_log10_x	raw	0.724538	5.3032	27.0692	26.2259	27.9126	27.0692	26.2259	27.9126
avi_top1_per_kb	B_log10_x	raw	0.733827	5.41785	27.0967	26.2578	27.9355	27.0967	26.2578	27.9355
avi_top1_per_kb	B_log10_x	raw	0.743116	5.53498	27.1241	26.2897	27.9585	27.1241	26.2897	27.9585
avi_top1_per_kb	B_log10_x	raw	0.752405	5.65464	27.1515	26.3216	27.9815	27.1515	26.3216	27.9815
avi_top1_per_kb	B_log10_x	raw	0.761694	5.77689	27.179	26.3534	28.0045	27.179	26.3534	28.0045
avi_top1_per_kb	B_log10_x	raw	0.770983	5.90178	27.2064	26.3853	28.0275	27.2064	26.3853	28.0275
avi_top1_per_kb	B_log10_x	raw	0.780272	6.02937	27.2338	26.4171	28.0505	27.2338	26.4171	28.0505
avi_top1_per_kb	B_log10_x	raw	0.789561	6.15972	27.2612	26.4489	28.0735	27.2612	26.4489	28.0735
avi_top1_per_kb	B_log10_x	raw	0.79885	6.29288	27.2887	26.4807	28.0966	27.2887	26.4807	28.0966
avi_top1_per_kb	B_log10_x	raw	0.808139	6.42893	27.3161	26.5125	28.1196	27.3161	26.5125	28.1196
avi_top1_per_kb	B_log10_x	raw	0.817428	6.56792	27.3435	26.5443	28.1427	27.3435	26.5443	28.1427
avi_top1_per_kb	B_log10_x	raw	0.826717	6.70991	27.3709	26.5761	28.1657	27.3709	26.5761	28.1657
avi_top1_per_kb	B_log10_x	raw	0.836005	6.85497	27.3984	26.6079	28.1888	27.3984	26.6079	28.1888
avi_top1_per_kb	B_log10_x	raw	0.845294	7.00317	27.4258	26.6397	28.2119	27.4258	26.6397	28.2119
avi_top1_per_kb	B_log10_x	raw	0.854583	7.15457	27.4532	26.6714	28.235	27.4532	26.6714	28.235
avi_top1_per_kb	B_log10_x	raw	0.863872	7.30924	27.4806	26.7032	28.2581	27.4806	26.7032	28.2581
avi_top1_per_kb	B_log10_x	raw	0.873161	7.46726	27.5081	26.7349	28.2812	27.5081	26.7349	28.2812
avi_top1_per_kb	B_log10_x	raw	0.88245	7.62869	27.5355	26.7666	28.3043	27.5355	26.7666	28.3043
avi_top1_per_kb	B_log10_x	raw	0.891739	7.79362	27.5629	26.7984	28.3275	27.5629	26.7984	28.3275
avi_top1_per_kb	B_log10_x	raw	0.901028	7.96211	27.5903	26.8301	28.3506	27.5903	26.8301	28.3506
avi_top1_per_kb	B_log10_x	raw	0.910317	8.13424	27.6178	26.8617	28.3738	27.6178	26.8617	28.3738
avi_top1_per_kb	B_log10_x	raw	0.919606	8.3101	27.6452	26.8934	28.397	27.6452	26.8934	28.397
avi_top1_per_kb	B_log10_x	raw	0.928895	8.48975	27.6726	26.9251	28.4201	27.6726	26.9251	28.4201
avi_top1_per_kb	B_log10_x	raw	0.938184	8.67329	27.7	26.9568	28.4433	27.7	26.9568	28.4433
avi_top1_per_kb	B_log10_x	raw	0.947473	8.8608	27.7275	26.9884	28.4666	27.7275	26.9884	28.4666
avi_top1_per_kb	B_log10_x	raw	0.956762	9.05236	27.7549	27.02	28.4898	27.7549	27.02	28.4898
avi_top1_per_kb	B_log10_x	raw	0.966051	9.24806	27.7823	27.0516	28.513	27.7823	27.0516	28.513
avi_top1_per_kb	B_log10_x	raw	0.97534	9.448	27.8098	27.0833	28.5363	27.8098	27.0833	28.5363
avi_top1_per_kb	B_log10_x	raw	0.984629	9.65225	27.8372	27.1148	28.5595	27.8372	27.1148	28.5595
avi_top1_per_kb	B_log10_x	raw	0.993918	9.86092	27.8646	27.1464	28.5828	27.8646	27.1464	28.5828
avi_top1_per_kb	B_log10_x	raw	1.00321	10.0741	27.892	27.178	28.6061	27.892	27.178	28.6061
avi_top1_per_kb	B_log10_x	raw	1.0125	10.2919	27.9195	27.2095	28.6294	27.9195	27.2095	28.6294
avi_top1_per_kb	B_log10_x	raw	1.02178	10.5144	27.9469	27.2411	28.6527	27.9469	27.2411	28.6527
avi_top1_per_kb	B_log10_x	raw	1.03107	10.7417	27.9743	27.2726	28.676	27.9743	27.2726	28.676
avi_top1_per_kb	B_log10_x	raw	1.04036	10.9739	28.0017	27.3041	28.6994	28.0017	27.3041	28.6994
avi_top1_per_kb	B_log10_x	raw	1.04965	11.2112	28.0292	27.3356	28.7227	28.0292	27.3356	28.7227
avi_top1_per_kb	B_log10_x	raw	1.05894	11.4536	28.0566	27.3671	28.7461	28.0566	27.3671	28.7461
avi_top1_per_kb	B_log10_x	raw	1.06823	11.7012	28.084	27.3985	28.7695	28.084	27.3985	28.7695
avi_top1_per_kb	B_log10_x	raw	1.07752	11.9541	28.1114	27.43	28.7929	28.1114	27.43	28.7929
avi_top1_per_kb	B_log10_x	raw	1.08681	12.2126	28.1389	27.4614	28.8163	28.1389	27.4614	28.8163
avi_top1_per_kb	B_log10_x	raw	1.0961	12.4766	28.1663	27.4928	28.8397	28.1663	27.4928	28.8397
avi_top1_per_kb	B_log10_x	raw	1.10539	12.7463	28.1937	27.5242	28.8632	28.1937	27.5242	28.8632
avi_top1_per_kb	B_log10_x	raw	1.11467	13.0219	28.2211	27.5556	28.8867	28.2211	27.5556	28.8867
avi_top1_per_kb	B_log10_x	raw	1.12396	13.3034	28.2486	27.587	28.9102	28.2486	27.587	28.9102
avi_top1_per_kb	B_log10_x	raw	1.13325	13.591	28.276	27.6183	28.9337	28.276	27.6183	28.9337
avi_top1_per_kb	B_log10_x	raw	1.14254	13.8848	28.3034	27.6497	28.9572	28.3034	27.6497	28.9572
avi_top1_per_kb	B_log10_x	raw	1.15183	14.185	28.3308	27.681	28.9807	28.3308	27.681	28.9807
avi_top1_per_kb	B_log10_x	raw	1.16112	14.4917	28.3583	27.7123	29.0043	28.3583	27.7123	29.0043
avi_top1_per_kb	B_log10_x	raw	1.17041	14.805	28.3857	27.7435	29.0279	28.3857	27.7435	29.0279
avi_top1_per_kb	B_log10_x	raw	1.1797	15.125	28.4131	27.7748	29.0515	28.4131	27.7748	29.0515
avi_top1_per_kb	B_log10_x	raw	1.18899	15.452	28.4406	27.806	29.0751	28.4406	27.806	29.0751
avi_top1_per_kb	B_log10_x	raw	1.19827	15.7861	28.468	27.8373	29.0987	28.468	27.8373	29.0987
avi_top1_per_kb	B_log10_x	raw	1.20756	16.1274	28.4954	27.8684	29.1224	28.4954	27.8684	29.1224
avi_top1_per_kb	B_log10_x	raw	1.21685	16.476	28.5228	27.8996	29.146	28.5228	27.8996	29.146
avi_top1_per_kb	B_log10_x	raw	1.22614	16.8322	28.5503	27.9308	29.1697	28.5503	27.9308	29.1697
avi_top1_per_kb	B_log10_x	raw	1.23543	17.1961	28.5777	27.9619	29.1934	28.5777	27.9619	29.1934
avi_top1_per_kb	B_log10_x	raw	1.24472	17.5679	28.6051	27.993	29.2172	28.6051	27.993	29.2172
avi_top1_per_kb	B_log10_x	raw	1.25401	17.9477	28.6325	28.0241	29.241	28.6325	28.0241	29.241
avi_top1_per_kb	B_log10_x	raw	1.2633	18.3357	28.66	28.0552	29.2647	28.66	28.0552	29.2647
avi_top1_per_kb	B_log10_x	raw	1.27259	18.7321	28.6874	28.0862	29.2885	28.6874	28.0862	29.2885
avi_top1_per_kb	B_log10_x	raw	1.28188	19.1371	28.7148	28.1173	29.3124	28.7148	28.1173	29.3124
avi_top1_per_kb	B_log10_x	raw	1.29116	19.5508	28.7422	28.1483	29.3362	28.7422	28.1483	29.3362
avi_top1_per_kb	B_log10_x	raw	1.30045	19.9734	28.7697	28.1792	29.3601	28.7697	28.1792	29.3601
avi_top1_per_kb	B_log10_x	raw	1.30974	20.4052	28.7971	28.2102	29.384	28.7971	28.2102	29.384
avi_top1_per_kb	B_log10_x	raw	1.31903	20.8464	28.8245	28.2411	29.4079	28.8245	28.2411	29.4079
avi_top1_per_kb	B_log10_x	raw	1.32832	21.2971	28.8519	28.272	29.4319	28.8519	28.272	29.4319
avi_top1_per_kb	B_log10_x	raw	1.33761	21.7575	28.8794	28.3029	29.4559	28.8794	28.3029	29.4559
avi_top1_per_kb	B_log10_x	raw	1.3469	22.2279	28.9068	28.3337	29.4799	28.9068	28.3337	29.4799
avi_top1_per_kb	B_log10_x	raw	1.35619	22.7084	28.9342	28.3645	29.5039	28.9342	28.3645	29.5039
avi_top1_per_kb	B_log10_x	raw	1.36548	23.1993	28.9616	28.3953	29.528	28.9616	28.3953	29.528
avi_top1_per_kb	B_log10_x	raw	1.37476	23.7009	28.9891	28.4261	29.552	28.9891	28.4261	29.552
avi_top1_per_kb	B_log10_x	raw	1.38405	24.2133	29.0165	28.4568	29.5762	29.0165	28.4568	29.5762
avi_top1_per_kb	B_log10_x	raw	1.39334	24.7367	29.0439	28.4876	29.6003	29.0439	28.4876	29.6003
avi_top1_per_kb	B_log10_x	raw	1.40263	25.2715	29.0714	28.5182	29.6245	29.0714	28.5182	29.6245
avi_top1_per_kb	B_log10_x	raw	1.41192	25.8179	29.0988	28.5489	29.6487	29.0988	28.5489	29.6487
avi_top1_per_kb	B_log10_x	raw	1.42121	26.376	29.1262	28.5795	29.6729	29.1262	28.5795	29.6729
avi_top1_per_kb	B_log10_x	raw	1.4305	26.9462	29.1536	28.6101	29.6972	29.1536	28.6101	29.6972
avi_top1_per_kb	B_log10_x	raw	1.43979	27.5288	29.1811	28.6407	29.7215	29.1811	28.6407	29.7215
avi_top1_per_kb	B_log10_x	raw	1.44908	28.1239	29.2085	28.6712	29.7458	29.2085	28.6712	29.7458
avi_top1_per_kb	B_log10_x	raw	1.45837	28.732	29.2359	28.7017	29.7701	29.2359	28.7017	29.7701
avi_top1_per_kb	B_log10_x	raw	1.46765	29.3531	29.2633	28.7321	29.7945	29.2633	28.7321	29.7945
avi_top1_per_kb	B_log10_x	raw	1.47694	29.9877	29.2908	28.7626	29.819	29.2908	28.7626	29.819
avi_top1_per_kb	B_log10_x	raw	1.48623	30.636	29.3182	28.7929	29.8434	29.3182	28.7929	29.8434
avi_top1_per_kb	B_log10_x	raw	1.49552	31.2983	29.3456	28.8233	29.8679	29.3456	28.8233	29.8679
avi_top1_per_kb	B_log10_x	raw	1.50481	31.9749	29.373	28.8536	29.8925	29.373	28.8536	29.8925
avi_top1_per_kb	B_log10_x	raw	1.5141	32.6662	29.4005	28.8839	29.917	29.4005	28.8839	29.917
avi_top1_per_kb	B_log10_x	raw	1.52339	33.3724	29.4279	28.9142	29.9416	29.4279	28.9142	29.9416
avi_top1_per_kb	B_log10_x	raw	1.53268	34.0939	29.4553	28.9444	29.9663	29.4553	28.9444	29.9663
avi_top1_per_kb	B_log10_x	raw	1.54197	34.831	29.4827	28.9746	29.9909	29.4827	28.9746	29.9909
avi_top1_per_kb	B_log10_x	raw	1.55125	35.584	29.5102	29.0047	30.0157	29.5102	29.0047	30.0157
avi_top1_per_kb	B_log10_x	raw	1.56054	36.3533	29.5376	29.0348	30.0404	29.5376	29.0348	30.0404
avi_top1_per_kb	B_log10_x	raw	1.56983	37.1392	29.565	29.0648	30.0652	29.565	29.0648	30.0652
avi_top1_per_kb	B_log10_x	raw	1.57912	37.9421	29.5924	29.0949	30.09	29.5924	29.0949	30.09
avi_top1_per_kb	B_log10_x	raw	1.58841	38.7624	29.6199	29.1248	30.1149	29.6199	29.1248	30.1149
avi_top1_per_kb	B_log10_x	raw	1.5977	39.6004	29.6473	29.1548	30.1398	29.6473	29.1548	30.1398
avi_top1_per_kb	B_log10_x	raw	1.60699	40.4565	29.6747	29.1847	30.1648	29.6747	29.1847	30.1648
avi_top1_per_kb	B_log10_x	raw	1.61628	41.3311	29.7022	29.2145	30.1898	29.7022	29.2145	30.1898
avi_top1_per_kb	B_log10_x	raw	1.62557	42.2247	29.7296	29.2443	30.2148	29.7296	29.2443	30.2148
avi_top1_per_kb	B_log10_x	raw	1.63486	43.1375	29.757	29.2741	30.2399	29.757	29.2741	30.2399
avi_top1_per_kb	B_log10_x	raw	1.64414	44.0701	29.7844	29.3038	30.2651	29.7844	29.3038	30.2651
avi_top1_per_kb	B_log10_x	raw	1.65343	45.0229	29.8119	29.3335	30.2902	29.8119	29.3335	30.2902
avi_top1_per_kb	B_log10_x	raw	1.66272	45.9962	29.8393	29.3631	30.3155	29.8393	29.3631	30.3155
avi_top1_per_kb	B_log10_x	raw	1.67201	46.9906	29.8667	29.3927	30.3407	29.8667	29.3927	30.3407
avi_top1_per_kb	B_log10_x	raw	1.6813	48.0065	29.8941	29.4222	30.3661	29.8941	29.4222	30.3661
avi_top1_per_kb	B_log10_x	raw	1.69059	49.0443	29.9216	29.4517	30.3914	29.9216	29.4517	30.3914
avi_top1_per_kb	B_log10_x	raw	1.69988	50.1046	29.949	29.4811	30.4168	29.949	29.4811	30.4168
avi_top1_per_kb	B_log10_x	raw	1.70917	51.1878	29.9764	29.5105	30.4423	29.9764	29.5105	30.4423
avi_top1_per_kb	B_log10_x	raw	1.71846	52.2945	30.0038	29.5399	30.4678	30.0038	29.5399	30.4678
avi_top1_per_kb	B_log10_x	raw	1.72774	53.425	30.0313	29.5691	30.4934	30.0313	29.5691	30.4934
avi_top1_per_kb	B_log10_x	raw	1.73703	54.58	30.0587	29.5984	30.519	30.0587	29.5984	30.519
avi_top1_per_kb	B_log10_x	raw	1.74632	55.76	30.0861	29.6276	30.5447	30.0861	29.6276	30.5447
avi_top1_per_kb	B_log10_x	raw	1.75561	56.9654	30.1135	29.6567	30.5704	30.1135	29.6567	30.5704
avi_top1_per_kb	B_log10_x	raw	1.7649	58.197	30.141	29.6858	30.5962	30.141	29.6858	30.5962
avi_top1_per_kb	B_log10_x	raw	1.77419	59.4551	30.1684	29.7148	30.622	30.1684	29.7148	30.622
avi_top1_per_kb	B_log10_x	raw	1.78348	60.7405	30.1958	29.7438	30.6479	30.1958	29.7438	30.6479
avi_top1_per_kb	B_log10_x	raw	1.79277	62.0536	30.2232	29.7727	30.6738	30.2232	29.7727	30.6738
avi_top1_per_kb	B_log10_x	raw	1.80206	63.3952	30.2507	29.8016	30.6998	30.2507	29.8016	30.6998
avi_top1_per_kb	B_log10_x	raw	1.81135	64.7657	30.2781	29.8304	30.7258	30.2781	29.8304	30.7258
avi_top1_per_kb	B_log10_x	raw	1.82063	66.1659	30.3055	29.8591	30.7519	30.3055	29.8591	30.7519
avi_top1_per_kb	B_log10_x	raw	1.82992	67.5963	30.333	29.8878	30.7781	30.333	29.8878	30.7781
avi_top1_per_kb	B_log10_x	raw	1.83921	69.0577	30.3604	29.9164	30.8043	30.3604	29.9164	30.8043
avi_top1_per_kb	B_log10_x	raw	1.8485	70.5506	30.3878	29.945	30.8306	30.3878	29.945	30.8306
avi_top1_per_kb	B_log10_x	raw	1.85779	72.0759	30.4152	29.9735	30.8569	30.4152	29.9735	30.8569
avi_top1_per_kb	B_log10_x	raw	1.86708	73.6341	30.4427	30.002	30.8833	30.4427	30.002	30.8833
avi_top1_per_kb	B_log10_x	raw	1.87637	75.226	30.4701	30.0304	30.9098	30.4701	30.0304	30.9098
avi_top1_per_kb	B_log10_x	raw	1.88566	76.8523	30.4975	30.0587	30.9363	30.4975	30.0587	30.9363
avi_top1_per_kb	B_log10_x	raw	1.89495	78.5138	30.5249	30.087	30.9628	30.5249	30.087	30.9628
avi_top1_per_kb	B_log10_x	raw	1.90423	80.2111	30.5524	30.1153	30.9895	30.5524	30.1153	30.9895
avi_top1_per_kb	B_log10_x	raw	1.91352	81.9452	30.5798	30.1434	31.0162	30.5798	30.1434	31.0162
avi_top1_per_kb	B_log10_x	raw	1.92281	83.7168	30.6072	30.1715	31.0429	30.6072	30.1715	31.0429
avi_top1_per_kb	B_log10_x	raw	1.9321	85.5267	30.6346	30.1996	31.0697	30.6346	30.1996	31.0697
avi_top1_per_kb	B_log10_x	raw	1.94139	87.3757	30.6621	30.2275	31.0966	30.6621	30.2275	31.0966
avi_top1_per_kb	B_log10_x	raw	1.95068	89.2646	30.6895	30.2555	31.1235	30.6895	30.2555	31.1235
avi_top1_per_kb	B_log10_x	raw	1.95997	91.1944	30.7169	30.2833	31.1505	30.7169	30.2833	31.1505
avi_top1_per_kb	B_log10_x	raw	1.96926	93.166	30.7443	30.3111	31.1776	30.7443	30.3111	31.1776
avi_top1_per_kb	B_log10_x	raw	1.97855	95.1801	30.7718	30.3389	31.2047	30.7718	30.3389	31.2047
avi_top1_per_kb	B_log10_x	raw	1.98784	97.2378	30.7992	30.3665	31.2319	30.7992	30.3665	31.2319
avi_top1_per_kb	B_log10_x	raw	1.99712	99.34	30.8266	30.3941	31.2591	30.8266	30.3941	31.2591
avi_top1_per_kb	B_log10_x	raw	2.00641	101.488	30.854	30.4217	31.2864	30.854	30.4217	31.2864
avi_top1_per_kb	B_log10_x	raw	2.0157	103.682	30.8815	30.4492	31.3138	30.8815	30.4492	31.3138
avi_top1_per_kb	B_log10_x	raw	2.02499	105.923	30.9089	30.4766	31.3412	30.9089	30.4766	31.3412
avi_top1_per_kb	B_log10_x	raw	2.03428	108.213	30.9363	30.504	31.3687	30.9363	30.504	31.3687
avi_top1_per_kb	B_log10_x	raw	2.04357	110.553	30.9638	30.5313	31.3963	30.9638	30.5313	31.3963
avi_top1_per_kb	B_log10_x	raw	2.05286	112.943	30.9912	30.5585	31.4239	30.9912	30.5585	31.4239
avi_top1_per_kb	B_log10_x	raw	2.06215	115.384	31.0186	30.5857	31.4515	31.0186	30.5857	31.4515
avi_top1_per_kb	B_log10_x	raw	2.07144	117.879	31.046	30.6128	31.4793	31.046	30.6128	31.4793
avi_top1_per_kb	B_log10_x	raw	2.08072	120.427	31.0735	30.6398	31.5071	31.0735	30.6398	31.5071
avi_top1_per_kb	B_log10_x	raw	2.09001	123.031	31.1009	30.6668	31.5349	31.1009	30.6668	31.5349
avi_top1_per_kb	B_log10_x	raw	2.0993	125.691	31.1283	30.6937	31.5629	31.1283	30.6937	31.5629
avi_top1_per_kb	B_log10_x	raw	2.10859	128.408	31.1557	30.7206	31.5909	31.1557	30.7206	31.5909
avi_top1_per_kb	B_log10_x	raw	2.11788	131.184	31.1832	30.7474	31.6189	31.1832	30.7474	31.6189
avi_top1_per_kb	B_log10_x	raw	2.12717	134.02	31.2106	30.7742	31.647	31.2106	30.7742	31.647
avi_top1_per_kb	B_log10_x	raw	2.13646	136.917	31.238	30.8008	31.6752	31.238	30.8008	31.6752
avi_top1_per_kb	B_log10_x	raw	2.14575	139.877	31.2654	30.8275	31.7034	31.2654	30.8275	31.7034
avi_top1_per_kb	B_log10_x	raw	2.15504	142.901	31.2929	30.854	31.7317	31.2929	30.854	31.7317
avi_top1_per_kb	B_log10_x	raw	2.16433	145.991	31.3203	30.8805	31.7601	31.3203	30.8805	31.7601
avi_top1_per_kb	B_log10_x	raw	2.17361	149.147	31.3477	30.907	31.7885	31.3477	30.907	31.7885
avi_top1_per_kb	B_log10_x	raw	2.1829	152.371	31.3751	30.9334	31.8169	31.3751	30.9334	31.8169
avi_top1_per_kb	B_log10_x	raw	2.19219	155.665	31.4026	30.9597	31.8455	31.4026	30.9597	31.8455
avi_top1_per_kb	B_log10_x	raw	2.20148	159.031	31.43	30.986	31.874	31.43	30.986	31.874
avi_top1_per_kb	B_log10_x	raw	2.21077	162.469	31.4574	31.0122	31.9027	31.4574	31.0122	31.9027
avi_top1_per_kb	B_log10_x	raw	2.22006	165.981	31.4849	31.0383	31.9314	31.4849	31.0383	31.9314
avi_top1_per_kb	B_log10_x	raw	2.22935	169.57	31.5123	31.0644	31.9601	31.5123	31.0644	31.9601
avi_top1_per_kb	B_log10_x	raw	2.23864	173.236	31.5397	31.0905	31.9889	31.5397	31.0905	31.9889
avi_top1_per_kb	B_log10_x	raw	2.24793	176.981	31.5671	31.1164	32.0178	31.5671	31.1164	32.0178
avi_top1_per_kb	B_log10_x	raw	2.25721	180.807	31.5946	31.1424	32.0467	31.5946	31.1424	32.0467
avi_top1_per_kb	B_log10_x	raw	2.2665	184.716	31.622	31.1683	32.0757	31.622	31.1683	32.0757
avi_top1_per_kb	B_log10_x	raw	2.27579	188.709	31.6494	31.1941	32.1047	31.6494	31.1941	32.1047
avi_top1_per_kb	B_log10_x	raw	2.28508	192.789	31.6768	31.2198	32.1338	31.6768	31.2198	32.1338
avi_top1_per_kb	B_log10_x	raw	2.29437	196.957	31.7043	31.2456	32.163	31.7043	31.2456	32.163
avi_top1_per_kb	B_log10_x	raw	2.30366	201.215	31.7317	31.2712	32.1921	31.7317	31.2712	32.1921
avi_top1_per_kb	B_log10_x	raw	2.31295	205.565	31.7591	31.2968	32.2214	31.7591	31.2968	32.2214
avi_top1_per_kb	B_log10_x	raw	2.32224	210.009	31.7865	31.3224	32.2507	31.7865	31.3224	32.2507
avi_top1_per_kb	B_log10_x	raw	2.33153	214.549	31.814	31.3479	32.28	31.814	31.3479	32.28
avi_top1_per_kb	B_log10_x	raw	2.34082	219.187	31.8414	31.3734	32.3094	31.8414	31.3734	32.3094
avi_top1_per_kb	B_log10_x	raw	2.3501	223.926	31.8688	31.3988	32.3389	31.8688	31.3988	32.3389
avi_top1_per_kb	B_log10_x	raw	2.35939	228.767	31.8962	31.4241	32.3683	31.8962	31.4241	32.3683
avi_top1_per_kb	B_log10_x	raw	2.36868	233.713	31.9237	31.4495	32.3979	31.9237	31.4495	32.3979
avi_top1_per_kb	B_log10_x	raw	2.37797	238.765	31.9511	31.4747	32.4275	31.9511	31.4747	32.4275
avi_top1_per_kb	B_log10_x	raw	2.38726	243.927	31.9785	31.5	32.4571	31.9785	31.5	32.4571
avi_top1_per_kb	B_log10_x	raw	2.39655	249.201	32.0059	31.5251	32.4868	32.0059	31.5251	32.4868
avi_top1_per_kb	B_log10_x	raw	2.40584	254.588	32.0334	31.5503	32.5165	32.0334	31.5503	32.5165
avi_top1_per_kb	B_log10_x	raw	2.41513	260.092	32.0608	31.5753	32.5463	32.0608	31.5753	32.5463
avi_top1_per_kb	B_log10_x	raw	2.42442	265.715	32.0882	31.6004	32.5761	32.0882	31.6004	32.5761
avi_top1_per_kb	B_log10_x	raw	2.4337	271.459	32.1157	31.6254	32.6059	32.1157	31.6254	32.6059
avi_top1_per_kb	B_log10_x	raw	2.44299	277.328	32.1431	31.6503	32.6358	32.1431	31.6503	32.6358
avi_top1_per_kb	B_log10_x	raw	2.45228	283.324	32.1705	31.6753	32.6658	32.1705	31.6753	32.6658
avi_top1_per_kb	B_log10_x	raw	2.46157	289.449	32.1979	31.7001	32.6957	32.1979	31.7001	32.6957
avi_top1_per_kb	B_log10_x	raw	2.47086	295.706	32.2254	31.725	32.7258	32.2254	31.725	32.7258
avi_top1_per_kb	B_log10_x	raw	2.48015	302.099	32.2528	31.7497	32.7558	32.2528	31.7497	32.7558
avi_top1_per_kb	B_log10_x	raw	2.48944	308.63	32.2802	31.7745	32.7859	32.2802	31.7745	32.7859
avi_top1_per_kb	B_log10_x	raw	2.49873	315.303	32.3076	31.7992	32.8161	32.3076	31.7992	32.8161
avi_top1_per_kb	B_log10_x	raw	2.50802	322.119	32.3351	31.8239	32.8462	32.3351	31.8239	32.8462
avi_top1_per_kb	B_log10_x	raw	2.51731	329.083	32.3625	31.8485	32.8765	32.3625	31.8485	32.8765
avi_top1_per_kb	B_log10_x	raw	2.52659	336.197	32.3899	31.8731	32.9067	32.3899	31.8731	32.9067
avi_top1_per_kb	B_log10_x	raw	2.53588	343.466	32.4173	31.8977	32.937	32.4173	31.8977	32.937
avi_top1_per_kb	B_log10_x	raw	2.54517	350.891	32.4448	31.9222	32.9673	32.4448	31.9222	32.9673
avi_top1_per_kb	B_log10_x	raw	2.55446	358.477	32.4722	31.9467	32.9977	32.4722	31.9467	32.9977
avi_top1_per_kb	B_log10_x	raw	2.56375	366.227	32.4996	31.9712	33.0281	32.4996	31.9712	33.0281
avi_top1_per_kb	B_log10_x	raw	2.57304	374.144	32.527	31.9956	33.0585	32.527	31.9956	33.0585
avi_top1_per_kb	B_log10_x	raw	2.58233	382.233	32.5545	32.02	33.089	32.5545	32.02	33.089
avi_top1_per_kb	B_log10_x	raw	2.59162	390.496	32.5819	32.0443	33.1195	32.5819	32.0443	33.1195
avi_top1_per_kb	B_log10_x	raw	2.60091	398.938	32.6093	32.0687	33.15	32.6093	32.0687	33.15
avi_top1_per_kb	B_log10_x	raw	2.61019	407.563	32.6367	32.0929	33.1806	32.6367	32.0929	33.1806
avi_top1_per_kb	B_log10_x	raw	2.61948	416.374	32.6642	32.1172	33.2111	32.6642	32.1172	33.2111
avi_top1_per_kb	B_log10_x	raw	2.62877	425.376	32.6916	32.1414	33.2418	32.6916	32.1414	33.2418
avi_top1_per_kb	B_log10_x	raw	2.63806	434.572	32.719	32.1656	33.2724	32.719	32.1656	33.2724
avi_top1_per_kb	B_log10_x	raw	2.64735	443.967	32.7465	32.1898	33.3031	32.7465	32.1898	33.3031
avi_top1_per_kb	B_log10_x	raw	2.65664	453.565	32.7739	32.2139	33.3338	32.7739	32.2139	33.3338
avi_top1_per_kb	B_log10_x	raw	2.66593	463.371	32.8013	32.2381	33.3646	32.8013	32.2381	33.3646
avi_top1_per_kb	B_log10_x	raw	2.67522	473.388	32.8287	32.2621	33.3953	32.8287	32.2621	33.3953
avi_top1_per_kb	B_log10_x	raw	2.68451	483.622	32.8562	32.2862	33.4261	32.8562	32.2862	33.4261
avi_top1_per_kb	B_log10_x	raw	2.6938	494.078	32.8836	32.3102	33.4569	32.8836	32.3102	33.4569
avi_top1_per_kb	B_log10_x	raw	2.70308	504.759	32.911	32.3342	33.4878	32.911	32.3342	33.4878
avi_top1_per_kb	B_log10_x	raw	2.71237	515.672	32.9384	32.3582	33.5187	32.9384	32.3582	33.5187
avi_top1_per_kb	B_log10_x	raw	2.72166	526.82	32.9659	32.3822	33.5496	32.9659	32.3822	33.5496
avi_top1_per_kb	B_log10_x	raw	2.73095	538.209	32.9933	32.4061	33.5805	32.9933	32.4061	33.5805
avi_top1_per_kb	B_log10_x	raw	2.74024	549.845	33.0207	32.43	33.6114	33.0207	32.43	33.6114
avi_top1_per_kb	B_log10_x	raw	2.74953	561.732	33.0481	32.4539	33.6424	33.0481	32.4539	33.6424
avi_top1_per_kb	B_log10_x	raw	2.75882	573.876	33.0756	32.4777	33.6734	33.0756	32.4777	33.6734
avi_top1_per_kb	B_log10_x	raw	2.76811	586.283	33.103	32.5015	33.7045	33.103	32.5015	33.7045
avi_top1_per_kb	B_log10_x	raw	2.7774	598.957	33.1304	32.5253	33.7355	33.1304	32.5253	33.7355
avi_top1_per_kb	B_log10_x	raw	2.78668	611.906	33.1578	32.5491	33.7666	33.1578	32.5491	33.7666
avi_top1_per_kb	B_log10_x	raw	2.79597	625.135	33.1853	32.5729	33.7977	33.1853	32.5729	33.7977
avi_top1_per_kb	B_log10_x	raw	2.80526	638.65	33.2127	32.5966	33.8288	33.2127	32.5966	33.8288
avi_top1_per_kb	B_log10_x	raw	2.81455	652.457	33.2401	32.6203	33.8599	33.2401	32.6203	33.8599
avi_top1_per_kb	B_log10_x	raw	2.82384	666.562	33.2675	32.644	33.8911	33.2675	32.644	33.8911
avi_top1_per_kb	B_log10_x	raw	2.83313	680.973	33.295	32.6677	33.9222	33.295	32.6677	33.9222
avi_top1_per_kb	B_log10_x	raw	2.84242	695.695	33.3224	32.6914	33.9534	33.3224	32.6914	33.9534
avi_top1_per_kb	B_log10_x	raw	2.85171	710.735	33.3498	32.715	33.9847	33.3498	32.715	33.9847
avi_top1_per_kb	B_log10_x	raw	2.861	726.1	33.3773	32.7386	34.0159	33.3773	32.7386	34.0159
avi_top1_per_kb	B_log10_x	raw	2.87029	741.798	33.4047	32.7622	34.0472	33.4047	32.7622	34.0472
avi_top1_per_kb	B_log10_x	raw	2.87957	757.835	33.4321	32.7858	34.0784	33.4321	32.7858	34.0784
avi_top1_per_kb	B_log10_x	raw	2.88886	774.218	33.4595	32.8093	34.1097	33.4595	32.8093	34.1097
avi_top1_per_kb	B_log10_x	raw	2.89815	790.956	33.487	32.8329	34.141	33.487	32.8329	34.141
avi_top1_per_kb	B_log10_x	raw	2.90744	808.056	33.5144	32.8564	34.1724	33.5144	32.8564	34.1724
avi_top1_per_kb	B_log10_x	raw	2.91673	825.525	33.5418	32.8799	34.2037	33.5418	32.8799	34.2037
avi_top1_per_kb	B_log10_x	raw	2.92602	843.372	33.5692	32.9034	34.2351	33.5692	32.9034	34.2351
avi_top1_per_kb	B_log10_x	raw	2.93531	861.605	33.5967	32.9268	34.2665	33.5967	32.9268	34.2665
avi_top1_per_kb	B_log10_x	raw	2.9446	880.232	33.6241	32.9503	34.2979	33.6241	32.9503	34.2979
avi_top1_per_kb	B_log10_x	raw	2.95389	899.262	33.6515	32.9737	34.3293	33.6515	32.9737	34.3293
avi_top1_per_kb	B_log10_x	raw	2.96317	918.703	33.6789	32.9972	34.3607	33.6789	32.9972	34.3607
avi_top1_per_kb	B_log10_x	raw	2.97246	938.564	33.7064	33.0206	34.3922	33.7064	33.0206	34.3922
avi_top1_per_kb	B_log10_x	raw	2.98175	958.855	33.7338	33.0439	34.4236	33.7338	33.0439	34.4236
avi_top1_per_kb	B_log10_x	raw	2.99104	979.584	33.7612	33.0673	34.4551	33.7612	33.0673	34.4551
avi_top1_per_kb	B_log10_x	raw	3.00033	1000.76	33.7886	33.0907	34.4866	33.7886	33.0907	34.4866
avi_top1_per_kb	B_log10_x	raw	3.00962	1022.4	33.8161	33.114	34.5181	33.8161	33.114	34.5181
avi_top1_per_kb	B_log10_x	raw	3.01891	1044.5	33.8435	33.1373	34.5497	33.8435	33.1373	34.5497
avi_top1_per_kb	B_log10_x	raw	3.0282	1067.08	33.8709	33.1607	34.5812	33.8709	33.1607	34.5812
avi_top1_per_kb	B_log10_x	raw	3.03749	1090.15	33.8983	33.184	34.6127	33.8983	33.184	34.6127
avi_top1_per_kb	B_log10_x	raw	3.04678	1113.72	33.9258	33.2072	34.6443	33.9258	33.2072	34.6443
avi_top1_per_kb	B_log10_x	raw	3.05606	1137.8	33.9532	33.2305	34.6759	33.9532	33.2305	34.6759
avi_top1_per_kb	B_log10_x	raw	3.06535	1162.39	33.9806	33.2538	34.7075	33.9806	33.2538	34.7075
avi_top1_per_kb	B_log10_x	raw	3.07464	1187.52	34.0081	33.277	34.7391	34.0081	33.277	34.7391
avi_top1_per_kb	B_log10_x	raw	3.08393	1213.2	34.0355	33.3003	34.7707	34.0355	33.3003	34.7707
avi_top1_per_kb	B_log10_x	raw	3.09322	1239.43	34.0629	33.3235	34.8023	34.0629	33.3235	34.8023
avi_top1_per_kb	B_log10_x	raw	3.10251	1266.22	34.0903	33.3467	34.834	34.0903	33.3467	34.834
avi_top1_per_kb	B_log10_x	raw	3.1118	1293.59	34.1178	33.3699	34.8656	34.1178	33.3699	34.8656
avi_top1_per_kb	B_log10_x	raw	3.12109	1321.56	34.1452	33.3931	34.8973	34.1452	33.3931	34.8973
avi_top1_per_kb	B_log10_x	raw	3.13038	1350.13	34.1726	33.4162	34.929	34.1726	33.4162	34.929
avi_top1_per_kb	B_log10_x	raw	3.13967	1379.32	34.2	33.4394	34.9607	34.2	33.4394	34.9607
avi_top1_per_kb	B_log10_x	raw	3.14895	1409.14	34.2275	33.4625	34.9924	34.2275	33.4625	34.9924
avi_top1_per_kb	B_log10_x	raw	3.15824	1439.6	34.2549	33.4857	35.0241	34.2549	33.4857	35.0241
avi_top1_per_kb	B_log10_x	raw	3.16753	1470.73	34.2823	33.5088	35.0558	34.2823	33.5088	35.0558
avi_top1_per_kb	B_log10_x	raw	3.17682	1502.52	34.3097	33.5319	35.0876	34.3097	33.5319	35.0876
avi_top1_per_kb	B_log10_x	raw	3.18611	1535	34.3372	33.555	35.1193	34.3372	33.555	35.1193
avi_top1_per_kb	B_log10_x	raw	3.1954	1568.19	34.3646	33.5781	35.1511	34.3646	33.5781	35.1511
avi_top1_per_kb	B_log10_x	raw	3.20469	1602.09	34.392	33.6012	35.1828	34.392	33.6012	35.1828
avi_top1_per_kb	B_log10_x	raw	3.21398	1636.73	34.4194	33.6243	35.2146	34.4194	33.6243	35.2146
avi_top1_per_kb	B_log10_x	raw	3.22327	1672.11	34.4469	33.6473	35.2464	34.4469	33.6473	35.2464
avi_top1_per_kb	B_log10_x	raw	3.23255	1708.26	34.4743	33.6704	35.2782	34.4743	33.6704	35.2782
avi_top1_per_kb	B_log10_x	raw	3.24184	1745.19	34.5017	33.6934	35.31	34.5017	33.6934	35.31
avi_top1_per_kb	B_log10_x	raw	3.25113	1782.92	34.5291	33.7165	35.3418	34.5291	33.7165	35.3418
avi_top1_per_kb	B_log10_x	raw	3.26042	1821.47	34.5566	33.7395	35.3737	34.5566	33.7395	35.3737
avi_top1_per_kb	B_log10_x	raw	3.26971	1860.85	34.584	33.7625	35.4055	34.584	33.7625	35.4055
avi_top1_per_kb	B_log10_x	raw	3.279	1901.08	34.6114	33.7855	35.4373	34.6114	33.7855	35.4373
avi_top1_per_kb	B_log10_x	raw	3.28829	1942.17	34.6389	33.8085	35.4692	34.6389	33.8085	35.4692
avi_top1_per_kb	B_log10_x	raw	3.29758	1984.16	34.6663	33.8315	35.5011	34.6663	33.8315	35.5011
avi_top1_per_kb	B_log10_x	raw	3.30687	2027.06	34.6937	33.8545	35.5329	34.6937	33.8545	35.5329
avi_top1_per_kb	B_log10_x	raw	3.31616	2070.88	34.7211	33.8774	35.5648	34.7211	33.8774	35.5648
avi_top1_per_kb	B_log10_x	raw	3.32544	2115.65	34.7486	33.9004	35.5967	34.7486	33.9004	35.5967
avi_top1_per_kb	B_log10_x	raw	3.33473	2161.39	34.776	33.9234	35.6286	34.776	33.9234	35.6286
avi_top1_per_kb	B_log10_x	raw	3.34402	2208.12	34.8034	33.9463	35.6605	34.8034	33.9463	35.6605
avi_top1_per_kb	B_log10_x	raw	3.35331	2255.85	34.8308	33.9693	35.6924	34.8308	33.9693	35.6924
avi_top1_per_kb	B_log10_x	raw	3.3626	2304.62	34.8583	33.9922	35.7243	34.8583	33.9922	35.7243
avi_top1_per_kb	B_log10_x	raw	3.37189	2354.45	34.8857	34.0151	35.7563	34.8857	34.0151	35.7563
avi_top1_per_kb	B_log10_x	raw	3.38118	2405.35	34.9131	34.038	35.7882	34.9131	34.038	35.7882
avi_top1_per_kb	B_log10_x	raw	3.39047	2457.35	34.9405	34.0609	35.8201	34.9405	34.0609	35.8201
avi_top1_per_kb	B_log10_x	raw	3.39976	2510.47	34.968	34.0838	35.8521	34.968	34.0838	35.8521
avi_top1_per_kb	B_log10_x	raw	3.40904	2564.75	34.9954	34.1067	35.8841	34.9954	34.1067	35.8841
avi_top1_per_kb	B_log10_x	raw	3.41833	2620.19	35.0228	34.1296	35.916	35.0228	34.1296	35.916
avi_top1_per_kb	B_log10_x	raw	3.42762	2676.84	35.0502	34.1525	35.948	35.0502	34.1525	35.948
avi_top1_per_kb	B_log10_x	raw	3.43691	2734.71	35.0777	34.1754	35.98	35.0777	34.1754	35.98
avi_top1_per_kb	B_log10_x	raw	3.4462	2793.83	35.1051	34.1982	36.012	35.1051	34.1982	36.012
avi_top1_per_kb	B_log10_x	raw	3.45549	2854.23	35.1325	34.2211	36.044	35.1325	34.2211	36.044
avi_top1_per_kb	B_log10_x	raw	3.46478	2915.94	35.1599	34.2439	36.076	35.1599	34.2439	36.076
avi_top1_per_kb	B_log10_x	raw	3.47407	2978.98	35.1874	34.2668	36.108	35.1874	34.2668	36.108
avi_top1_per_kb	B_log10_x	raw	3.48336	3043.38	35.2148	34.2896	36.14	35.2148	34.2896	36.14
avi_top1_per_kb	B_log10_x	raw	3.49265	3109.17	35.2422	34.3125	36.172	35.2422	34.3125	36.172
avi_top1_per_kb	B_log10_x	raw	3.50193	3176.39	35.2697	34.3353	36.204	35.2697	34.3353	36.204
avi_top1_per_kb	B_log10_x	raw	3.51122	3245.06	35.2971	34.3581	36.2361	35.2971	34.3581	36.2361
avi_top1_per_kb	B_log10_x	raw	3.52051	3315.22	35.3245	34.3809	36.2681	35.3245	34.3809	36.2681
avi_top1_per_kb	B_log10_x	raw	3.5298	3386.89	35.3519	34.4037	36.3001	35.3519	34.4037	36.3001
avi_top1_per_kb	B_log10_x	raw	3.53909	3460.11	35.3794	34.4265	36.3322	35.3794	34.4265	36.3322
avi_top1_per_kb	B_log10_x	raw	3.54838	3534.91	35.4068	34.4493	36.3642	35.4068	34.4493	36.3642
avi_top1_per_kb	B_log10_x	raw	3.55767	3611.33	35.4342	34.4721	36.3963	35.4342	34.4721	36.3963
avi_top1_per_kb	B_log10_x	raw	3.56696	3689.41	35.4616	34.4949	36.4284	35.4616	34.4949	36.4284
avi_top1_per_kb	B_log10_x	raw	3.57625	3769.17	35.4891	34.5177	36.4604	35.4891	34.5177	36.4604
avi_top1_per_kb	B_log10_x	raw	3.58553	3850.66	35.5165	34.5405	36.4925	35.5165	34.5405	36.4925
avi_top1_per_kb	B_log10_x	raw	3.59482	3933.9	35.5439	34.5632	36.5246	35.5439	34.5632	36.5246
avi_top1_per_kb	B_log10_x	raw	3.60411	4018.95	35.5713	34.586	36.5567	35.5713	34.586	36.5567
avi_top1_per_kb	B_log10_x	raw	3.6134	4105.83	35.5988	34.6087	36.5888	35.5988	34.6087	36.5888
avi_top1_per_kb	B_log10_x	raw	3.62269	4194.6	35.6262	34.6315	36.6209	35.6262	34.6315	36.6209
avi_top1_per_kb	B_log10_x	raw	3.63198	4285.28	35.6536	34.6542	36.653	35.6536	34.6542	36.653
avi_top1_per_kb	B_log10_x	raw	3.64127	4377.92	35.681	34.677	36.6851	35.681	34.677	36.6851
avi_top1_per_kb	B_log10_x	raw	3.65056	4472.57	35.7085	34.6997	36.7172	35.7085	34.6997	36.7172
avi_top1_per_kb	B_log10_x	raw	3.65985	4569.26	35.7359	34.7225	36.7493	35.7359	34.7225	36.7493
avi_top1_per_kb	B_log10_x	raw	3.66914	4668.05	35.7633	34.7452	36.7815	35.7633	34.7452	36.7815
avi_top1_per_kb	B_log10_x	raw	3.67842	4768.96	35.7908	34.7679	36.8136	35.7908	34.7679	36.8136
avi_top1_per_kb	B_log10_x	raw	3.68771	4872.06	35.8182	34.7906	36.8457	35.8182	34.7906	36.8457
avi_top1_per_kb	B_log10_x	raw	3.697	4977.39	35.8456	34.8133	36.8779	35.8456	34.8133	36.8779
avi_top1_per_kb	B_log10_x	raw	3.70629	5085	35.873	34.836	36.91	35.873	34.836	36.91
avi_top1_per_kb	C_loglog	log10	0	1	0.88819	0.869168	0.907212	7.73019	7.39891	8.0763
avi_top1_per_kb	C_loglog	log10	0.00928895	1.02162	0.889112	0.870166	0.908058	7.74661	7.41594	8.09204
avi_top1_per_kb	C_loglog	log10	0.0185779	1.04371	0.890034	0.871164	0.908903	7.76307	7.433	8.10781
avi_top1_per_kb	C_loglog	log10	0.0278668	1.06627	0.890955	0.872162	0.909749	7.77956	7.45009	8.12361
avi_top1_per_kb	C_loglog	log10	0.0371558	1.08932	0.891877	0.873159	0.910594	7.79609	7.46723	8.13944
avi_top1_per_kb	C_loglog	log10	0.0464447	1.11287	0.892799	0.874157	0.91144	7.81266	7.4844	8.1553
avi_top1_per_kb	C_loglog	log10	0.0557337	1.13693	0.89372	0.875155	0.912286	7.82925	7.50162	8.1712
avi_top1_per_kb	C_loglog	log10	0.0650226	1.16151	0.894642	0.876153	0.913131	7.84589	7.51887	8.18713
avi_top1_per_kb	C_loglog	log10	0.0743116	1.18662	0.895564	0.87715	0.913977	7.86256	7.53616	8.20309
avi_top1_per_kb	C_loglog	log10	0.0836005	1.21227	0.896485	0.878148	0.914823	7.87926	7.55349	8.21908
avi_top1_per_kb	C_loglog	log10	0.0928895	1.23848	0.897407	0.879145	0.915669	7.896	7.57086	8.2351
avi_top1_per_kb	C_loglog	log10	0.102178	1.26526	0.898329	0.880143	0.916515	7.91277	7.58827	8.25116
avi_top1_per_kb	C_loglog	log10	0.111467	1.29261	0.89925	0.88114	0.917361	7.92958	7.60572	8.26725
avi_top1_per_kb	C_loglog	log10	0.120756	1.32055	0.900172	0.882137	0.918207	7.94643	7.6232	8.28337
avi_top1_per_kb	C_loglog	log10	0.130045	1.3491	0.901094	0.883135	0.919053	7.96331	7.64073	8.29952
avi_top1_per_kb	C_loglog	log10	0.139334	1.37827	0.902016	0.884132	0.919899	7.98023	7.65829	8.3157
avi_top1_per_kb	C_loglog	log10	0.148623	1.40807	0.902937	0.885129	0.920745	7.99719	7.6759	8.33192
avi_top1_per_kb	C_loglog	log10	0.157912	1.43851	0.903859	0.886126	0.921591	8.01418	7.69354	8.34817
avi_top1_per_kb	C_loglog	log10	0.167201	1.46961	0.904781	0.887123	0.922438	8.0312	7.71122	8.36446
avi_top1_per_kb	C_loglog	log10	0.17649	1.50138	0.905702	0.88812	0.923284	8.04826	7.72895	8.38077
avi_top1_per_kb	C_loglog	log10	0.185779	1.53384	0.906624	0.889117	0.924131	8.06536	7.74671	8.39712
avi_top1_per_kb	C_loglog	log10	0.195068	1.567	0.907546	0.890114	0.924977	8.0825	7.76451	8.41351
avi_top1_per_kb	C_loglog	log10	0.204357	1.60087	0.908467	0.891111	0.925824	8.09967	7.78236	8.42992
avi_top1_per_kb	C_loglog	log10	0.213646	1.63548	0.909389	0.892108	0.92667	8.11688	7.80024	8.44637
avi_top1_per_kb	C_loglog	log10	0.222935	1.67084	0.910311	0.893105	0.927517	8.13412	7.81816	8.46285
avi_top1_per_kb	C_loglog	log10	0.232224	1.70696	0.911232	0.894101	0.928363	8.1514	7.83612	8.47937
avi_top1_per_kb	C_loglog	log10	0.241513	1.74386	0.912154	0.895098	0.92921	8.16872	7.85413	8.49592
avi_top1_per_kb	C_loglog	log10	0.250802	1.78156	0.913076	0.896094	0.930057	8.18608	7.87217	8.5125
avi_top1_per_kb	C_loglog	log10	0.260091	1.82008	0.913997	0.897091	0.930904	8.20347	7.89025	8.52911
avi_top1_per_kb	C_loglog	log10	0.26938	1.85943	0.914919	0.898087	0.931751	8.2209	7.90838	8.54576
avi_top1_per_kb	C_loglog	log10	0.278668	1.89963	0.915841	0.899084	0.932598	8.23836	7.92654	8.56245
avi_top1_per_kb	C_loglog	log10	0.287957	1.9407	0.916762	0.90008	0.933445	8.25586	7.94475	8.57916
avi_top1_per_kb	C_loglog	log10	0.297246	1.98265	0.917684	0.901076	0.934292	8.2734	7.96299	8.59591
avi_top1_per_kb	C_loglog	log10	0.306535	2.02551	0.918606	0.902072	0.935139	8.29098	7.98128	8.6127
avi_top1_per_kb	C_loglog	log10	0.315824	2.0693	0.919528	0.903068	0.935987	8.30859	7.9996	8.62952
avi_top1_per_kb	C_loglog	log10	0.325113	2.11404	0.920449	0.904065	0.936834	8.32625	8.01797	8.64637
avi_top1_per_kb	C_loglog	log10	0.334402	2.15974	0.921371	0.90506	0.937681	8.34393	8.03638	8.66326
avi_top1_per_kb	C_loglog	log10	0.343691	2.20644	0.922293	0.906056	0.938529	8.36166	8.05483	8.68018
avi_top1_per_kb	C_loglog	log10	0.35298	2.25414	0.923214	0.907052	0.939376	8.37943	8.07332	8.69714
avi_top1_per_kb	C_loglog	log10	0.362269	2.30287	0.924136	0.908048	0.940224	8.39723	8.09185	8.71413
avi_top1_per_kb	C_loglog	log10	0.371558	2.35265	0.925058	0.909044	0.941072	8.41507	8.11042	8.73116
avi_top1_per_kb	C_loglog	log10	0.380847	2.40352	0.925979	0.910039	0.94192	8.43295	8.12904	8.74822
avi_top1_per_kb	C_loglog	log10	0.390136	2.45548	0.926901	0.911035	0.942767	8.45086	8.14769	8.76531
avi_top1_per_kb	C_loglog	log10	0.399425	2.50856	0.927823	0.91203	0.943615	8.46882	8.16639	8.78244
avi_top1_per_kb	C_loglog	log10	0.408714	2.56279	0.928744	0.913025	0.944463	8.48681	8.18513	8.79961
avi_top1_per_kb	C_loglog	log10	0.418003	2.6182	0.929666	0.914021	0.945311	8.50484	8.20391	8.81681
avi_top1_per_kb	C_loglog	log10	0.427292	2.6748	0.930588	0.915016	0.94616	8.52291	8.22273	8.83405
avi_top1_per_kb	C_loglog	log10	0.436581	2.73263	0.931509	0.916011	0.947008	8.54101	8.24159	8.85132
avi_top1_per_kb	C_loglog	log10	0.44587	2.79171	0.932431	0.917006	0.947856	8.55916	8.26049	8.86862
avi_top1_per_kb	C_loglog	log10	0.455159	2.85206	0.933353	0.918001	0.948705	8.57734	8.27944	8.88597
avi_top1_per_kb	C_loglog	log10	0.464447	2.91372	0.934274	0.918996	0.949553	8.59557	8.29843	8.90334
avi_top1_per_kb	C_loglog	log10	0.473736	2.97671	0.935196	0.919991	0.950402	8.61383	8.31746	8.92076
avi_top1_per_kb	C_loglog	log10	0.483025	3.04106	0.936118	0.920985	0.95125	8.63213	8.33653	8.93821
avi_top1_per_kb	C_loglog	log10	0.492314	3.10681	0.93704	0.92198	0.952099	8.65047	8.35564	8.95569
avi_top1_per_kb	C_loglog	log10	0.501603	3.17397	0.937961	0.922974	0.952948	8.66885	8.3748	8.97321
avi_top1_per_kb	C_loglog	log10	0.510892	3.24259	0.938883	0.923969	0.953797	8.68726	8.394	8.99077
avi_top1_per_kb	C_loglog	log10	0.520181	3.31269	0.939805	0.924963	0.954646	8.70572	8.41324	9.00837
avi_top1_per_kb	C_loglog	log10	0.52947	3.38431	0.940726	0.925957	0.955495	8.72421	8.43252	9.026
avi_top1_per_kb	C_loglog	log10	0.538759	3.45748	0.941648	0.926952	0.956344	8.74275	8.45185	9.04366
avi_top1_per_kb	C_loglog	log10	0.548048	3.53222	0.94257	0.927946	0.957194	8.76132	8.47121	9.06137
avi_top1_per_kb	C_loglog	log10	0.557337	3.60859	0.943491	0.92894	0.958043	8.77994	8.49062	9.07911
avi_top1_per_kb	C_loglog	log10	0.566626	3.6866	0.944413	0.929933	0.958893	8.79859	8.51007	9.09689
avi_top1_per_kb	C_loglog	log10	0.575915	3.7663	0.945335	0.930927	0.959742	8.81728	8.52957	9.1147
avi_top1_per_kb	C_loglog	log10	0.585204	3.84772	0.946256	0.931921	0.960592	8.83601	8.54911	9.13255
avi_top1_per_kb	C_loglog	log10	0.594493	3.93091	0.947178	0.932914	0.961442	8.85479	8.56869	9.15044
avi_top1_per_kb	C_loglog	log10	0.603782	4.01589	0.9481	0.933908	0.962292	8.8736	8.58831	9.16837
avi_top1_per_kb	C_loglog	log10	0.613071	4.10271	0.949021	0.934901	0.963142	8.89245	8.60797	9.18633
avi_top1_per_kb	C_loglog	log10	0.62236	4.19141	0.949943	0.935894	0.963992	8.91134	8.62768	9.20433
avi_top1_per_kb	C_loglog	log10	0.631649	4.28202	0.950865	0.936887	0.964842	8.93028	8.64743	9.22237
avi_top1_per_kb	C_loglog	log10	0.640938	4.37459	0.951787	0.93788	0.965693	8.94925	8.66723	9.24044
avi_top1_per_kb	C_loglog	log10	0.650226	4.46917	0.952708	0.938873	0.966543	8.96826	8.68707	9.25856
avi_top1_per_kb	C_loglog	log10	0.659515	4.56578	0.95363	0.939866	0.967394	8.98731	8.70695	9.27671
avi_top1_per_kb	C_loglog	log10	0.668804	4.66449	0.954552	0.940859	0.968245	9.00641	8.72687	9.2949
avi_top1_per_kb	C_loglog	log10	0.678093	4.76533	0.955473	0.941851	0.969095	9.02554	8.74684	9.31313
avi_top1_per_kb	C_loglog	log10	0.687382	4.86836	0.956395	0.942843	0.969946	9.04472	8.76685	9.33139
avi_top1_per_kb	C_loglog	log10	0.696671	4.9736	0.957317	0.943836	0.970798	9.06393	8.7869	9.3497
avi_top1_per_kb	C_loglog	log10	0.70596	5.08113	0.958238	0.944828	0.971649	9.08319	8.807	9.36804
avi_top1_per_kb	C_loglog	log10	0.715249	5.19098	0.95916	0.94582	0.9725	9.10249	8.82714	9.38642
avi_top1_per_kb	C_loglog	log10	0.724538	5.3032	0.960082	0.946812	0.973352	9.12182	8.84732	9.40484
avi_top1_per_kb	C_loglog	log10	0.733827	5.41785	0.961003	0.947804	0.974203	9.1412	8.86755	9.4233
avi_top1_per_kb	C_loglog	log10	0.743116	5.53498	0.961925	0.948795	0.975055	9.16062	8.88782	9.4418
avi_top1_per_kb	C_loglog	log10	0.752405	5.65464	0.962847	0.949787	0.975907	9.18009	8.90813	9.46034
avi_top1_per_kb	C_loglog	log10	0.761694	5.77689	0.963768	0.950778	0.976759	9.19959	8.92849	9.47892
avi_top1_per_kb	C_loglog	log10	0.770983	5.90178	0.96469	0.951769	0.977611	9.21913	8.94889	9.49754
avi_top1_per_kb	C_loglog	log10	0.780272	6.02937	0.965612	0.95276	0.978463	9.23872	8.96933	9.5162
avi_top1_per_kb	C_loglog	log10	0.789561	6.15972	0.966533	0.953751	0.979316	9.25835	8.98982	9.53489
avi_top1_per_kb	C_loglog	log10	0.79885	6.29288	0.967455	0.954742	0.980168	9.27802	9.01036	9.55363
avi_top1_per_kb	C_loglog	log10	0.808139	6.42893	0.968377	0.955733	0.981021	9.29773	9.03093	9.57241
avi_top1_per_kb	C_loglog	log10	0.817428	6.56792	0.969299	0.956723	0.981874	9.31748	9.05155	9.59123
avi_top1_per_kb	C_loglog	log10	0.826717	6.70991	0.97022	0.957713	0.982727	9.33728	9.07222	9.61008
avi_top1_per_kb	C_loglog	log10	0.836005	6.85497	0.971142	0.958703	0.98358	9.35711	9.09292	9.62898
avi_top1_per_kb	C_loglog	log10	0.845294	7.00317	0.972064	0.959693	0.984434	9.37699	9.11367	9.64792
avi_top1_per_kb	C_loglog	log10	0.854583	7.15457	0.972985	0.960683	0.985287	9.39691	9.13447	9.6669
avi_top1_per_kb	C_loglog	log10	0.863872	7.30924	0.973907	0.961673	0.986141	9.41688	9.15531	9.68592
avi_top1_per_kb	C_loglog	log10	0.873161	7.46726	0.974829	0.962662	0.986995	9.43689	9.17619	9.70498
avi_top1_per_kb	C_loglog	log10	0.88245	7.62869	0.97575	0.963652	0.987849	9.45693	9.19712	9.72409
avi_top1_per_kb	C_loglog	log10	0.891739	7.79362	0.976672	0.964641	0.988703	9.47703	9.21809	9.74323
avi_top1_per_kb	C_loglog	log10	0.901028	7.96211	0.977594	0.96563	0.989557	9.49716	9.23911	9.76242
avi_top1_per_kb	C_loglog	log10	0.910317	8.13424	0.978515	0.966619	0.990412	9.51734	9.26017	9.78165
avi_top1_per_kb	C_loglog	log10	0.919606	8.3101	0.979437	0.967607	0.991267	9.53756	9.28127	9.80092
avi_top1_per_kb	C_loglog	log10	0.928895	8.48975	0.980359	0.968596	0.992122	9.55782	9.30242	9.82023
avi_top1_per_kb	C_loglog	log10	0.938184	8.67329	0.98128	0.969584	0.992977	9.57812	9.32361	9.83959
avi_top1_per_kb	C_loglog	log10	0.947473	8.8608	0.982202	0.970572	0.993832	9.59847	9.34484	9.85898
avi_top1_per_kb	C_loglog	log10	0.956762	9.05236	0.983124	0.97156	0.994688	9.61887	9.36613	9.87843
avi_top1_per_kb	C_loglog	log10	0.966051	9.24806	0.984046	0.972548	0.995543	9.6393	9.38745	9.89791
avi_top1_per_kb	C_loglog	log10	0.97534	9.448	0.984967	0.973535	0.996399	9.65978	9.40882	9.91743
avi_top1_per_kb	C_loglog	log10	0.984629	9.65225	0.985889	0.974522	0.997255	9.6803	9.43023	9.937
avi_top1_per_kb	C_loglog	log10	0.993918	9.86092	0.986811	0.975509	0.998112	9.70087	9.45169	9.95662
avi_top1_per_kb	C_loglog	log10	1.00321	10.0741	0.987732	0.976496	0.998968	9.72148	9.47319	9.97627
avi_top1_per_kb	C_loglog	log10	1.0125	10.2919	0.988654	0.977483	0.999825	9.74213	9.49473	9.99597
avi_top1_per_kb	C_loglog	log10	1.02178	10.5144	0.989576	0.978469	1.00068	9.76283	9.51632	10.0157
avi_top1_per_kb	C_loglog	log10	1.03107	10.7417	0.990497	0.979455	1.00154	9.78357	9.53796	10.0355
avi_top1_per_kb	C_loglog	log10	1.04036	10.9739	0.991419	0.980441	1.0024	9.80435	9.55963	10.0553
avi_top1_per_kb	C_loglog	log10	1.04965	11.2112	0.992341	0.981427	1.00325	9.82518	9.58136	10.0752
avi_top1_per_kb	C_loglog	log10	1.05894	11.4536	0.993262	0.982412	1.00411	9.84606	9.60312	10.0951
avi_top1_per_kb	C_loglog	log10	1.06823	11.7012	0.994184	0.983398	1.00497	9.86698	9.62493	10.1151
avi_top1_per_kb	C_loglog	log10	1.07752	11.9541	0.995106	0.984383	1.00583	9.88794	9.64679	10.1351
avi_top1_per_kb	C_loglog	log10	1.08681	12.2126	0.996027	0.985367	1.00669	9.90895	9.66868	10.1552
avi_top1_per_kb	C_loglog	log10	1.0961	12.4766	0.996949	0.986352	1.00755	9.93	9.69063	10.1753
avi_top1_per_kb	C_loglog	log10	1.10539	12.7463	0.997871	0.987336	1.00841	9.95109	9.71261	10.1954
avi_top1_per_kb	C_loglog	log10	1.11467	13.0219	0.998792	0.98832	1.00927	9.97223	9.73464	10.2156
avi_top1_per_kb	C_loglog	log10	1.12396	13.3034	0.999714	0.989304	1.01012	9.99342	9.75672	10.2359
avi_top1_per_kb	C_loglog	log10	1.13325	13.591	1.00064	0.990287	1.01098	10.0147	9.77883	10.2562
avi_top1_per_kb	C_loglog	log10	1.14254	13.8848	1.00156	0.99127	1.01184	10.0359	9.801	10.2765
avi_top1_per_kb	C_loglog	log10	1.15183	14.185	1.00248	0.992253	1.01271	10.0572	9.8232	10.2969
avi_top1_per_kb	C_loglog	log10	1.16112	14.4917	1.0034	0.993236	1.01357	10.0786	9.84545	10.3173
avi_top1_per_kb	C_loglog	log10	1.17041	14.805	1.00432	0.994218	1.01443	10.1	9.86774	10.3378
avi_top1_per_kb	C_loglog	log10	1.1797	15.125	1.00524	0.9952	1.01529	10.1215	9.89008	10.3583
avi_top1_per_kb	C_loglog	log10	1.18899	15.452	1.00617	0.996182	1.01615	10.143	9.91246	10.3789
avi_top1_per_kb	C_loglog	log10	1.19827	15.7861	1.00709	0.997163	1.01701	10.1645	9.93489	10.3995
avi_top1_per_kb	C_loglog	log10	1.20756	16.1274	1.00801	0.998144	1.01787	10.1861	9.95735	10.4202
avi_top1_per_kb	C_loglog	log10	1.21685	16.476	1.00893	0.999125	1.01874	10.2078	9.97986	10.4409
avi_top1_per_kb	C_loglog	log10	1.22614	16.8322	1.00985	1.00011	1.0196	10.2295	10.0024	10.4617
avi_top1_per_kb	C_loglog	log10	1.23543	17.1961	1.01077	1.00109	1.02046	10.2512	10.025	10.4825
avi_top1_per_kb	C_loglog	log10	1.24472	17.5679	1.0117	1.00206	1.02133	10.273	10.0477	10.5033
avi_top1_per_kb	C_loglog	log10	1.25401	17.9477	1.01262	1.00304	1.02219	10.2948	10.0703	10.5243
avi_top1_per_kb	C_loglog	log10	1.2633	18.3357	1.01354	1.00402	1.02306	10.3167	10.0931	10.5452
avi_top1_per_kb	C_loglog	log10	1.27259	18.7321	1.01446	1.005	1.02392	10.3386	10.1158	10.5662
avi_top1_per_kb	C_loglog	log10	1.28188	19.1371	1.01538	1.00598	1.02479	10.3606	10.1387	10.5873
avi_top1_per_kb	C_loglog	log10	1.29116	19.5508	1.0163	1.00696	1.02565	10.3826	10.1615	10.6084
avi_top1_per_kb	C_loglog	log10	1.30045	19.9734	1.01723	1.00794	1.02652	10.4046	10.1844	10.6296
avi_top1_per_kb	C_loglog	log10	1.30974	20.4052	1.01815	1.00891	1.02738	10.4267	10.2073	10.6508
avi_top1_per_kb	C_loglog	log10	1.31903	20.8464	1.01907	1.00989	1.02825	10.4489	10.2303	10.6721
avi_top1_per_kb	C_loglog	log10	1.32832	21.2971	1.01999	1.01087	1.02912	10.4711	10.2534	10.6934
avi_top1_per_kb	C_loglog	log10	1.33761	21.7575	1.02091	1.01184	1.02998	10.4933	10.2764	10.7148
avi_top1_per_kb	C_loglog	log10	1.3469	22.2279	1.02183	1.01282	1.03085	10.5156	10.2995	10.7362
avi_top1_per_kb	C_loglog	log10	1.35619	22.7084	1.02276	1.01379	1.03172	10.538	10.3227	10.7577
avi_top1_per_kb	C_loglog	log10	1.36548	23.1993	1.02368	1.01477	1.03259	10.5603	10.3459	10.7793
avi_top1_per_kb	C_loglog	log10	1.37476	23.7009	1.0246	1.01574	1.03346	10.5828	10.3691	10.8008
avi_top1_per_kb	C_loglog	log10	1.38405	24.2133	1.02552	1.01672	1.03433	10.6053	10.3924	10.8225
avi_top1_per_kb	C_loglog	log10	1.39334	24.7367	1.02644	1.01769	1.0352	10.6278	10.4157	10.8442
avi_top1_per_kb	C_loglog	log10	1.40263	25.2715	1.02736	1.01866	1.03607	10.6504	10.4391	10.8659
avi_top1_per_kb	C_loglog	log10	1.41192	25.8179	1.02829	1.01963	1.03694	10.673	10.4625	10.8878
avi_top1_per_kb	C_loglog	log10	1.42121	26.376	1.02921	1.02061	1.03781	10.6957	10.4859	10.9096
avi_top1_per_kb	C_loglog	log10	1.4305	26.9462	1.03013	1.02158	1.03868	10.7184	10.5094	10.9315
avi_top1_per_kb	C_loglog	log10	1.43979	27.5288	1.03105	1.02255	1.03955	10.7412	10.5329	10.9535
avi_top1_per_kb	C_loglog	log10	1.44908	28.1239	1.03197	1.02352	1.04043	10.764	10.5565	10.9756
avi_top1_per_kb	C_loglog	log10	1.45837	28.732	1.03289	1.02449	1.0413	10.7869	10.5801	10.9977
avi_top1_per_kb	C_loglog	log10	1.46765	29.3531	1.03382	1.02546	1.04217	10.8098	10.6037	11.0198
avi_top1_per_kb	C_loglog	log10	1.47694	29.9877	1.03474	1.02643	1.04305	10.8327	10.6274	11.042
avi_top1_per_kb	C_loglog	log10	1.48623	30.636	1.03566	1.0274	1.04392	10.8558	10.6511	11.0643
avi_top1_per_kb	C_loglog	log10	1.49552	31.2983	1.03658	1.02836	1.0448	10.8788	10.6749	11.0866
avi_top1_per_kb	C_loglog	log10	1.50481	31.9749	1.0375	1.02933	1.04568	10.9019	10.6987	11.109
avi_top1_per_kb	C_loglog	log10	1.5141	32.6662	1.03842	1.0303	1.04655	10.9251	10.7226	11.1314
avi_top1_per_kb	C_loglog	log10	1.52339	33.3724	1.03935	1.03126	1.04743	10.9483	10.7464	11.154
avi_top1_per_kb	C_loglog	log10	1.53268	34.0939	1.04027	1.03223	1.04831	10.9716	10.7704	11.1765
avi_top1_per_kb	C_loglog	log10	1.54197	34.831	1.04119	1.0332	1.04919	10.9949	10.7943	11.1991
avi_top1_per_kb	C_loglog	log10	1.55125	35.584	1.04211	1.03416	1.05006	11.0182	10.8183	11.2218
avi_top1_per_kb	C_loglog	log10	1.56054	36.3533	1.04303	1.03512	1.05094	11.0416	10.8423	11.2446
avi_top1_per_kb	C_loglog	log10	1.56983	37.1392	1.04396	1.03609	1.05182	11.0651	10.8664	11.2674
avi_top1_per_kb	C_loglog	log10	1.57912	37.9421	1.04488	1.03705	1.0527	11.0886	10.8905	11.2903
avi_top1_per_kb	C_loglog	log10	1.58841	38.7624	1.0458	1.03801	1.05359	11.1122	10.9147	11.3132
avi_top1_per_kb	C_loglog	log10	1.5977	39.6004	1.04672	1.03897	1.05447	11.1358	10.9389	11.3362
avi_top1_per_kb	C_loglog	log10	1.60699	40.4565	1.04764	1.03993	1.05535	11.1594	10.9631	11.3593
avi_top1_per_kb	C_loglog	log10	1.61628	41.3311	1.04856	1.04089	1.05623	11.1831	10.9873	11.3824
avi_top1_per_kb	C_loglog	log10	1.62557	42.2247	1.04949	1.04185	1.05712	11.2069	11.0116	11.4056
avi_top1_per_kb	C_loglog	log10	1.63486	43.1375	1.05041	1.04281	1.058	11.2307	11.036	11.4289
avi_top1_per_kb	C_loglog	log10	1.64414	44.0701	1.05133	1.04377	1.05889	11.2546	11.0603	11.4522
avi_top1_per_kb	C_loglog	log10	1.65343	45.0229	1.05225	1.04473	1.05978	11.2785	11.0847	11.4756
avi_top1_per_kb	C_loglog	log10	1.66272	45.9962	1.05317	1.04568	1.06066	11.3024	11.1092	11.4991
avi_top1_per_kb	C_loglog	log10	1.67201	46.9906	1.05409	1.04664	1.06155	11.3264	11.1336	11.5226
avi_top1_per_kb	C_loglog	log10	1.6813	48.0065	1.05502	1.04759	1.06244	11.3505	11.1582	11.5462
avi_top1_per_kb	C_loglog	log10	1.69059	49.0443	1.05594	1.04855	1.06333	11.3746	11.1827	11.5698
avi_top1_per_kb	C_loglog	log10	1.69988	50.1046	1.05686	1.0495	1.06422	11.3988	11.2073	11.5936
avi_top1_per_kb	C_loglog	log10	1.70917	51.1878	1.05778	1.05045	1.06511	11.423	11.2319	11.6174
avi_top1_per_kb	C_loglog	log10	1.71846	52.2945	1.0587	1.0514	1.066	11.4473	11.2565	11.6413
avi_top1_per_kb	C_loglog	log10	1.72774	53.425	1.05962	1.05236	1.06689	11.4716	11.2812	11.6652
avi_top1_per_kb	C_loglog	log10	1.73703	54.58	1.06055	1.05331	1.06779	11.496	11.3059	11.6892
avi_top1_per_kb	C_loglog	log10	1.74632	55.76	1.06147	1.05426	1.06868	11.5204	11.3307	11.7133
avi_top1_per_kb	C_loglog	log10	1.75561	56.9654	1.06239	1.0552	1.06957	11.5449	11.3554	11.7375
avi_top1_per_kb	C_loglog	log10	1.7649	58.197	1.06331	1.05615	1.07047	11.5694	11.3802	11.7617
avi_top1_per_kb	C_loglog	log10	1.77419	59.4551	1.06423	1.0571	1.07137	11.594	11.4051	11.786
avi_top1_per_kb	C_loglog	log10	1.78348	60.7405	1.06515	1.05804	1.07226	11.6186	11.43	11.8104
avi_top1_per_kb	C_loglog	log10	1.79277	62.0536	1.06608	1.05899	1.07316	11.6433	11.4549	11.8348
avi_top1_per_kb	C_loglog	log10	1.80206	63.3952	1.067	1.05993	1.07406	11.668	11.4798	11.8593
avi_top1_per_kb	C_loglog	log10	1.81135	64.7657	1.06792	1.06088	1.07496	11.6928	11.5048	11.8839
avi_top1_per_kb	C_loglog	log10	1.82063	66.1659	1.06884	1.06182	1.07586	11.7177	11.5298	11.9086
avi_top1_per_kb	C_loglog	log10	1.82992	67.5963	1.06976	1.06276	1.07676	11.7425	11.5548	11.9333
avi_top1_per_kb	C_loglog	log10	1.83921	69.0577	1.07068	1.0637	1.07766	11.7675	11.5799	11.9582
avi_top1_per_kb	C_loglog	log10	1.8485	70.5506	1.07161	1.06464	1.07857	11.7925	11.6049	11.9831
avi_top1_per_kb	C_loglog	log10	1.85779	72.0759	1.07253	1.06558	1.07947	11.8175	11.6301	12.0081
avi_top1_per_kb	C_loglog	log10	1.86708	73.6341	1.07345	1.06652	1.08038	11.8427	11.6552	12.0331
avi_top1_per_kb	C_loglog	log10	1.87637	75.226	1.07437	1.06746	1.08128	11.8678	11.6804	12.0582
avi_top1_per_kb	C_loglog	log10	1.88566	76.8523	1.07529	1.06839	1.08219	11.893	11.7056	12.0835
avi_top1_per_kb	C_loglog	log10	1.89495	78.5138	1.07621	1.06933	1.0831	11.9183	11.7308	12.1087
avi_top1_per_kb	C_loglog	log10	1.90423	80.2111	1.07714	1.07026	1.08401	11.9436	11.7561	12.1341
avi_top1_per_kb	C_loglog	log10	1.91352	81.9452	1.07806	1.0712	1.08492	11.969	11.7814	12.1596
avi_top1_per_kb	C_loglog	log10	1.92281	83.7168	1.07898	1.07213	1.08583	11.9944	11.8067	12.1851
avi_top1_per_kb	C_loglog	log10	1.9321	85.5267	1.0799	1.07306	1.08674	12.0199	11.8321	12.2107
avi_top1_per_kb	C_loglog	log10	1.94139	87.3757	1.08082	1.07399	1.08765	12.0454	11.8574	12.2364
avi_top1_per_kb	C_loglog	log10	1.95068	89.2646	1.08174	1.07492	1.08857	12.071	11.8829	12.2622
avi_top1_per_kb	C_loglog	log10	1.95997	91.1944	1.08267	1.07585	1.08948	12.0967	11.9083	12.288
avi_top1_per_kb	C_loglog	log10	1.96926	93.166	1.08359	1.07678	1.0904	12.1224	11.9338	12.314
avi_top1_per_kb	C_loglog	log10	1.97855	95.1801	1.08451	1.0777	1.09131	12.1481	11.9592	12.34
avi_top1_per_kb	C_loglog	log10	1.98784	97.2378	1.08543	1.07863	1.09223	12.1739	11.9848	12.3661
avi_top1_per_kb	C_loglog	log10	1.99712	99.34	1.08635	1.07955	1.09315	12.1998	12.0103	12.3923
avi_top1_per_kb	C_loglog	log10	2.00641	101.488	1.08727	1.08048	1.09407	12.2257	12.0359	12.4185
avi_top1_per_kb	C_loglog	log10	2.0157	103.682	1.0882	1.0814	1.09499	12.2517	12.0615	12.4449
avi_top1_per_kb	C_loglog	log10	2.02499	105.923	1.08912	1.08232	1.09591	12.2777	12.0871	12.4713
avi_top1_per_kb	C_loglog	log10	2.03428	108.213	1.09004	1.08324	1.09684	12.3038	12.1128	12.4979
avi_top1_per_kb	C_loglog	log10	2.04357	110.553	1.09096	1.08416	1.09776	12.3299	12.1384	12.5245
avi_top1_per_kb	C_loglog	log10	2.05286	112.943	1.09188	1.08508	1.09868	12.3561	12.1642	12.5512
avi_top1_per_kb	C_loglog	log10	2.06215	115.384	1.0928	1.086	1.09961	12.3824	12.1899	12.5779
avi_top1_per_kb	C_loglog	log10	2.07144	117.879	1.09373	1.08692	1.10054	12.4087	12.2157	12.6048
avi_top1_per_kb	C_loglog	log10	2.08072	120.427	1.09465	1.08783	1.10146	12.4351	12.2414	12.6317
avi_top1_per_kb	C_loglog	log10	2.09001	123.031	1.09557	1.08875	1.10239	12.4615	12.2673	12.6588
avi_top1_per_kb	C_loglog	log10	2.0993	125.691	1.09649	1.08966	1.10332	12.488	12.2931	12.6859
avi_top1_per_kb	C_loglog	log10	2.10859	128.408	1.09741	1.09057	1.10425	12.5145	12.319	12.7131
avi_top1_per_kb	C_loglog	log10	2.11788	131.184	1.09833	1.09149	1.10518	12.5411	12.3449	12.7404
avi_top1_per_kb	C_loglog	log10	2.12717	134.02	1.09926	1.0924	1.10611	12.5677	12.3708	12.7678
avi_top1_per_kb	C_loglog	log10	2.13646	136.917	1.10018	1.09331	1.10705	12.5944	12.3967	12.7952
avi_top1_per_kb	C_loglog	log10	2.14575	139.877	1.1011	1.09422	1.10798	12.6212	12.4227	12.8228
avi_top1_per_kb	C_loglog	log10	2.15504	142.901	1.10202	1.09513	1.10892	12.648	12.4487	12.8504
avi_top1_per_kb	C_loglog	log10	2.16433	145.991	1.10294	1.09603	1.10985	12.6749	12.4748	12.8782
avi_top1_per_kb	C_loglog	log10	2.17361	149.147	1.10386	1.09694	1.11079	12.7018	12.5008	12.906
avi_top1_per_kb	C_loglog	log10	2.1829	152.371	1.10479	1.09784	1.11173	12.7288	12.5269	12.9339
avi_top1_per_kb	C_loglog	log10	2.19219	155.665	1.10571	1.09875	1.11267	12.7558	12.553	12.9619
avi_top1_per_kb	C_loglog	log10	2.20148	159.031	1.10663	1.09965	1.11361	12.7829	12.5792	12.9899
avi_top1_per_kb	C_loglog	log10	2.21077	162.469	1.10755	1.10055	1.11455	12.8101	12.6054	13.0181
avi_top1_per_kb	C_loglog	log10	2.22006	165.981	1.10847	1.10146	1.11549	12.8373	12.6316	13.0464
avi_top1_per_kb	C_loglog	log10	2.22935	169.57	1.10939	1.10236	1.11643	12.8646	12.6578	13.0747
avi_top1_per_kb	C_loglog	log10	2.23864	173.236	1.11032	1.10326	1.11738	12.8919	12.684	13.1031
avi_top1_per_kb	C_loglog	log10	2.24793	176.981	1.11124	1.10416	1.11832	12.9193	12.7103	13.1317
avi_top1_per_kb	C_loglog	log10	2.25721	180.807	1.11216	1.10506	1.11926	12.9467	12.7366	13.1603
avi_top1_per_kb	C_loglog	log10	2.2665	184.716	1.11308	1.10595	1.12021	12.9742	12.763	13.189
avi_top1_per_kb	C_loglog	log10	2.27579	188.709	1.114	1.10685	1.12116	13.0018	12.7894	13.2177
avi_top1_per_kb	C_loglog	log10	2.28508	192.789	1.11492	1.10774	1.1221	13.0294	12.8158	13.2466
avi_top1_per_kb	C_loglog	log10	2.29437	196.957	1.11585	1.10864	1.12305	13.0571	12.8422	13.2756
avi_top1_per_kb	C_loglog	log10	2.30366	201.215	1.11677	1.10953	1.124	13.0848	12.8687	13.3046
avi_top1_per_kb	C_loglog	log10	2.31295	205.565	1.11769	1.11043	1.12495	13.1126	12.8952	13.3338
avi_top1_per_kb	C_loglog	log10	2.32224	210.009	1.11861	1.11132	1.1259	13.1405	12.9217	13.363
avi_top1_per_kb	C_loglog	log10	2.33153	214.549	1.11953	1.11221	1.12686	13.1684	12.9483	13.3923
avi_top1_per_kb	C_loglog	log10	2.34082	219.187	1.12045	1.1131	1.12781	13.1964	12.9748	13.4217
avi_top1_per_kb	C_loglog	log10	2.3501	223.926	1.12138	1.11399	1.12876	13.2244	13.0015	13.4512
avi_top1_per_kb	C_loglog	log10	2.35939	228.767	1.1223	1.11488	1.12972	13.2525	13.0281	13.4808
avi_top1_per_kb	C_loglog	log10	2.36868	233.713	1.12322	1.11577	1.13067	13.2807	13.0548	13.5105
avi_top1_per_kb	C_loglog	log10	2.37797	238.765	1.12414	1.11666	1.13163	13.3089	13.0815	13.5402
avi_top1_per_kb	C_loglog	log10	2.38726	243.927	1.12506	1.11754	1.13258	13.3372	13.1083	13.5701
avi_top1_per_kb	C_loglog	log10	2.39655	249.201	1.12599	1.11843	1.13354	13.3655	13.135	13.6
avi_top1_per_kb	C_loglog	log10	2.40584	254.588	1.12691	1.11932	1.1345	13.3939	13.1619	13.63
avi_top1_per_kb	C_loglog	log10	2.41513	260.092	1.12783	1.1202	1.13546	13.4223	13.1887	13.6601
avi_top1_per_kb	C_loglog	log10	2.42442	265.715	1.12875	1.12109	1.13641	13.4509	13.2156	13.6903
avi_top1_per_kb	C_loglog	log10	2.4337	271.459	1.12967	1.12197	1.13737	13.4794	13.2425	13.7206
avi_top1_per_kb	C_loglog	log10	2.44299	277.328	1.13059	1.12285	1.13833	13.5081	13.2694	13.751
avi_top1_per_kb	C_loglog	log10	2.45228	283.324	1.13152	1.12373	1.1393	13.5368	13.2964	13.7815
avi_top1_per_kb	C_loglog	log10	2.46157	289.449	1.13244	1.12462	1.14026	13.5655	13.3234	13.812
avi_top1_per_kb	C_loglog	log10	2.47086	295.706	1.13336	1.1255	1.14122	13.5944	13.3505	13.8427
avi_top1_per_kb	C_loglog	log10	2.48015	302.099	1.13428	1.12638	1.14218	13.6232	13.3776	13.8734
avi_top1_per_kb	C_loglog	log10	2.48944	308.63	1.1352	1.12726	1.14315	13.6522	13.4047	13.9042
avi_top1_per_kb	C_loglog	log10	2.49873	315.303	1.13612	1.12814	1.14411	13.6812	13.4319	13.9351
avi_top1_per_kb	C_loglog	log10	2.50802	322.119	1.13705	1.12902	1.14508	13.7102	13.4591	13.9661
avi_top1_per_kb	C_loglog	log10	2.51731	329.083	1.13797	1.12989	1.14604	13.7394	13.4863	13.9972
avi_top1_per_kb	C_loglog	log10	2.52659	336.197	1.13889	1.13077	1.14701	13.7686	13.5136	14.0284
avi_top1_per_kb	C_loglog	log10	2.53588	343.466	1.13981	1.13165	1.14797	13.7978	13.5409	14.0596
avi_top1_per_kb	C_loglog	log10	2.54517	350.891	1.14073	1.13252	1.14894	13.8271	13.5682	14.091
avi_top1_per_kb	C_loglog	log10	2.55446	358.477	1.14165	1.1334	1.14991	13.8565	13.5956	14.1224
avi_top1_per_kb	C_loglog	log10	2.56375	366.227	1.14258	1.13427	1.15088	13.8859	13.623	14.1539
avi_top1_per_kb	C_loglog	log10	2.57304	374.144	1.1435	1.13515	1.15185	13.9154	13.6505	14.1855
avi_top1_per_kb	C_loglog	log10	2.58233	382.233	1.14442	1.13602	1.15282	13.945	13.678	14.2172
avi_top1_per_kb	C_loglog	log10	2.59162	390.496	1.14534	1.1369	1.15379	13.9746	13.7055	14.249
avi_top1_per_kb	C_loglog	log10	2.60091	398.938	1.14626	1.13777	1.15476	14.0043	13.7331	14.2809
avi_top1_per_kb	C_loglog	log10	2.61019	407.563	1.14718	1.13864	1.15573	14.0341	13.7607	14.3129
avi_top1_per_kb	C_loglog	log10	2.61948	416.374	1.14811	1.13951	1.1567	14.0639	13.7884	14.3449
avi_top1_per_kb	C_loglog	log10	2.62877	425.376	1.14903	1.14038	1.15767	14.0938	13.8161	14.3771
avi_top1_per_kb	C_loglog	log10	2.63806	434.572	1.14995	1.14126	1.15864	14.1237	13.8438	14.4093
avi_top1_per_kb	C_loglog	log10	2.64735	443.967	1.15087	1.14213	1.15962	14.1537	13.8716	14.4416
avi_top1_per_kb	C_loglog	log10	2.65664	453.565	1.15179	1.143	1.16059	14.1838	13.8994	14.474
avi_top1_per_kb	C_loglog	log10	2.66593	463.371	1.15271	1.14387	1.16156	14.2139	13.9273	14.5065
avi_top1_per_kb	C_loglog	log10	2.67522	473.388	1.15364	1.14473	1.16254	14.2441	13.9552	14.5391
avi_top1_per_kb	C_loglog	log10	2.68451	483.622	1.15456	1.1456	1.16351	14.2744	13.9831	14.5717
avi_top1_per_kb	C_loglog	log10	2.6938	494.078	1.15548	1.14647	1.16449	14.3047	14.0111	14.6045
avi_top1_per_kb	C_loglog	log10	2.70308	504.759	1.1564	1.14734	1.16546	14.3351	14.0391	14.6373
avi_top1_per_kb	C_loglog	log10	2.71237	515.672	1.15732	1.14821	1.16644	14.3656	14.0672	14.6703
avi_top1_per_kb	C_loglog	log10	2.72166	526.82	1.15824	1.14907	1.16741	14.3961	14.0953	14.7033
avi_top1_per_kb	C_loglog	log10	2.73095	538.209	1.15917	1.14994	1.16839	14.4267	14.1235	14.7364
avi_top1_per_kb	C_loglog	log10	2.74024	549.845	1.16009	1.15081	1.16937	14.4573	14.1517	14.7696
avi_top1_per_kb	C_loglog	log10	2.74953	561.732	1.16101	1.15167	1.17035	14.488	14.1799	14.8028
avi_top1_per_kb	C_loglog	log10	2.75882	573.876	1.16193	1.15254	1.17132	14.5188	14.2082	14.8362
avi_top1_per_kb	C_loglog	log10	2.76811	586.283	1.16285	1.1534	1.1723	14.5496	14.2365	14.8697
avi_top1_per_kb	C_loglog	log10	2.7774	598.957	1.16377	1.15427	1.17328	14.5806	14.2649	14.9032
avi_top1_per_kb	C_loglog	log10	2.78668	611.906	1.1647	1.15513	1.17426	14.6115	14.2933	14.9368
avi_top1_per_kb	C_loglog	log10	2.79597	625.135	1.16562	1.156	1.17524	14.6426	14.3218	14.9706
avi_top1_per_kb	C_loglog	log10	2.80526	638.65	1.16654	1.15686	1.17622	14.6737	14.3503	15.0044
avi_top1_per_kb	C_loglog	log10	2.81455	652.457	1.16746	1.15772	1.1772	14.7049	14.3788	15.0383
avi_top1_per_kb	C_loglog	log10	2.82384	666.562	1.16838	1.15859	1.17818	14.7361	14.4074	15.0723
avi_top1_per_kb	C_loglog	log10	2.83313	680.973	1.1693	1.15945	1.17916	14.7674	14.4361	15.1063
avi_top1_per_kb	C_loglog	log10	2.84242	695.695	1.17023	1.16031	1.18014	14.7988	14.4648	15.1405
avi_top1_per_kb	C_loglog	log10	2.85171	710.735	1.17115	1.16117	1.18112	14.8302	14.4935	15.1747
avi_top1_per_kb	C_loglog	log10	2.861	726.1	1.17207	1.16204	1.1821	14.8617	14.5223	15.2091
avi_top1_per_kb	C_loglog	log10	2.87029	741.798	1.17299	1.1629	1.18308	14.8933	14.5512	15.2435
avi_top1_per_kb	C_loglog	log10	2.87957	757.835	1.17391	1.16376	1.18407	14.9249	14.58	15.278
avi_top1_per_kb	C_loglog	log10	2.88886	774.218	1.17483	1.16462	1.18505	14.9567	14.609	15.3126
avi_top1_per_kb	C_loglog	log10	2.89815	790.956	1.17576	1.16548	1.18603	14.9884	14.6379	15.3473
avi_top1_per_kb	C_loglog	log10	2.90744	808.056	1.17668	1.16634	1.18702	15.0203	14.667	15.3821
avi_top1_per_kb	C_loglog	log10	2.91673	825.525	1.1776	1.1672	1.188	15.0522	14.696	15.417
avi_top1_per_kb	C_loglog	log10	2.92602	843.372	1.17852	1.16806	1.18898	15.0842	14.7252	15.4519
avi_top1_per_kb	C_loglog	log10	2.93531	861.605	1.17944	1.16892	1.18997	15.1162	14.7543	15.487
avi_top1_per_kb	C_loglog	log10	2.9446	880.232	1.18036	1.16978	1.19095	15.1483	14.7836	15.5221
avi_top1_per_kb	C_loglog	log10	2.95389	899.262	1.18129	1.17064	1.19193	15.1805	14.8128	15.5573
avi_top1_per_kb	C_loglog	log10	2.96317	918.703	1.18221	1.1715	1.19292	15.2128	14.8421	15.5926
avi_top1_per_kb	C_loglog	log10	2.97246	938.564	1.18313	1.17235	1.1939	15.2451	14.8715	15.628
avi_top1_per_kb	C_loglog	log10	2.98175	958.855	1.18405	1.17321	1.19489	15.2775	14.9009	15.6635
avi_top1_per_kb	C_loglog	log10	2.99104	979.584	1.18497	1.17407	1.19587	15.3099	14.9304	15.6991
avi_top1_per_kb	C_loglog	log10	3.00033	1000.76	1.18589	1.17493	1.19686	15.3424	14.9599	15.7348
avi_top1_per_kb	C_loglog	log10	3.00962	1022.4	1.18682	1.17579	1.19785	15.375	14.9895	15.7705
avi_top1_per_kb	C_loglog	log10	3.01891	1044.5	1.18774	1.17664	1.19883	15.4077	15.0191	15.8064
avi_top1_per_kb	C_loglog	log10	3.0282	1067.08	1.18866	1.1775	1.19982	15.4404	15.0488	15.8423
avi_top1_per_kb	C_loglog	log10	3.03749	1090.15	1.18958	1.17836	1.20081	15.4732	15.0785	15.8784
avi_top1_per_kb	C_loglog	log10	3.04678	1113.72	1.1905	1.17921	1.20179	15.5061	15.1082	15.9145
avi_top1_per_kb	C_loglog	log10	3.05606	1137.8	1.19142	1.18007	1.20278	15.5391	15.1381	15.9507
avi_top1_per_kb	C_loglog	log10	3.06535	1162.39	1.19235	1.18093	1.20377	15.5721	15.1679	15.987
avi_top1_per_kb	C_loglog	log10	3.07464	1187.52	1.19327	1.18178	1.20475	15.6052	15.1979	16.0234
avi_top1_per_kb	C_loglog	log10	3.08393	1213.2	1.19419	1.18264	1.20574	15.6383	15.2278	16.0599
avi_top1_per_kb	C_loglog	log10	3.09322	1239.43	1.19511	1.18349	1.20673	15.6715	15.2579	16.0964
avi_top1_per_kb	C_loglog	log10	3.10251	1266.22	1.19603	1.18435	1.20772	15.7048	15.2879	16.1331
avi_top1_per_kb	C_loglog	log10	3.1118	1293.59	1.19695	1.1852	1.20871	15.7382	15.3181	16.1698
avi_top1_per_kb	C_loglog	log10	3.12109	1321.56	1.19788	1.18606	1.20969	15.7716	15.3483	16.2067
avi_top1_per_kb	C_loglog	log10	3.13038	1350.13	1.1988	1.18691	1.21068	15.8051	15.3785	16.2436
avi_top1_per_kb	C_loglog	log10	3.13967	1379.32	1.19972	1.18777	1.21167	15.8387	15.4088	16.2806
avi_top1_per_kb	C_loglog	log10	3.14895	1409.14	1.20064	1.18862	1.21266	15.8724	15.4391	16.3178
avi_top1_per_kb	C_loglog	log10	3.15824	1439.6	1.20156	1.18948	1.21365	15.9061	15.4695	16.355
avi_top1_per_kb	C_loglog	log10	3.16753	1470.73	1.20249	1.19033	1.21464	15.9399	15.5	16.3923
avi_top1_per_kb	C_loglog	log10	3.17682	1502.52	1.20341	1.19119	1.21563	15.9737	15.5305	16.4296
avi_top1_per_kb	C_loglog	log10	3.18611	1535	1.20433	1.19204	1.21662	16.0077	15.5611	16.4671
avi_top1_per_kb	C_loglog	log10	3.1954	1568.19	1.20525	1.19289	1.21761	16.0417	15.5917	16.5047
avi_top1_per_kb	C_loglog	log10	3.20469	1602.09	1.20617	1.19375	1.2186	16.0758	15.6223	16.5424
avi_top1_per_kb	C_loglog	log10	3.21398	1636.73	1.20709	1.1946	1.21959	16.1099	15.6531	16.5801
avi_top1_per_kb	C_loglog	log10	3.22327	1672.11	1.20802	1.19545	1.22058	16.1441	15.6838	16.618
avi_top1_per_kb	C_loglog	log10	3.23255	1708.26	1.20894	1.19631	1.22157	16.1784	15.7147	16.6559
avi_top1_per_kb	C_loglog	log10	3.24184	1745.19	1.20986	1.19716	1.22256	16.2128	15.7456	16.6939
avi_top1_per_kb	C_loglog	log10	3.25113	1782.92	1.21078	1.19801	1.22355	16.2473	15.7765	16.7321
avi_top1_per_kb	C_loglog	log10	3.26042	1821.47	1.2117	1.19886	1.22454	16.2818	15.8075	16.7703
avi_top1_per_kb	C_loglog	log10	3.26971	1860.85	1.21262	1.19972	1.22553	16.3164	15.8385	16.8086
avi_top1_per_kb	C_loglog	log10	3.279	1901.08	1.21355	1.20057	1.22652	16.351	15.8697	16.847
avi_top1_per_kb	C_loglog	log10	3.28829	1942.17	1.21447	1.20142	1.22751	16.3858	15.9008	16.8855
avi_top1_per_kb	C_loglog	log10	3.29758	1984.16	1.21539	1.20227	1.22851	16.4206	15.932	16.9241
avi_top1_per_kb	C_loglog	log10	3.30687	2027.06	1.21631	1.20312	1.2295	16.4555	15.9633	16.9628
avi_top1_per_kb	C_loglog	log10	3.31616	2070.88	1.21723	1.20397	1.23049	16.4904	15.9947	17.0016
avi_top1_per_kb	C_loglog	log10	3.32544	2115.65	1.21815	1.20483	1.23148	16.5255	16.026	17.0404
avi_top1_per_kb	C_loglog	log10	3.33473	2161.39	1.21908	1.20568	1.23247	16.5606	16.0575	17.0794
avi_top1_per_kb	C_loglog	log10	3.34402	2208.12	1.22	1.20653	1.23346	16.5958	16.089	17.1185
avi_top1_per_kb	C_loglog	log10	3.35331	2255.85	1.22092	1.20738	1.23446	16.631	16.1206	17.1576
avi_top1_per_kb	C_loglog	log10	3.3626	2304.62	1.22184	1.20823	1.23545	16.6663	16.1522	17.1969
avi_top1_per_kb	C_loglog	log10	3.37189	2354.45	1.22276	1.20908	1.23644	16.7018	16.1839	17.2362
avi_top1_per_kb	C_loglog	log10	3.38118	2405.35	1.22368	1.20993	1.23743	16.7372	16.2156	17.2757
avi_top1_per_kb	C_loglog	log10	3.39047	2457.35	1.22461	1.21078	1.23843	16.7728	16.2474	17.3152
avi_top1_per_kb	C_loglog	log10	3.39976	2510.47	1.22553	1.21163	1.23942	16.8084	16.2792	17.3548
avi_top1_per_kb	C_loglog	log10	3.40904	2564.75	1.22645	1.21248	1.24041	16.8441	16.3111	17.3946
avi_top1_per_kb	C_loglog	log10	3.41833	2620.19	1.22737	1.21333	1.24141	16.8799	16.3431	17.4344
avi_top1_per_kb	C_loglog	log10	3.42762	2676.84	1.22829	1.21418	1.2424	16.9158	16.3751	17.4743
avi_top1_per_kb	C_loglog	log10	3.43691	2734.71	1.22921	1.21503	1.24339	16.9517	16.4072	17.5143
avi_top1_per_kb	C_loglog	log10	3.4462	2793.83	1.23014	1.21588	1.24439	16.9877	16.4394	17.5544
avi_top1_per_kb	C_loglog	log10	3.45549	2854.23	1.23106	1.21673	1.24538	17.0238	16.4716	17.5946
avi_top1_per_kb	C_loglog	log10	3.46478	2915.94	1.23198	1.21758	1.24637	17.06	16.5038	17.6349
avi_top1_per_kb	C_loglog	log10	3.47407	2978.98	1.2329	1.21843	1.24737	17.0962	16.5361	17.6753
avi_top1_per_kb	C_loglog	log10	3.48336	3043.38	1.23382	1.21928	1.24836	17.1326	16.5685	17.7158
avi_top1_per_kb	C_loglog	log10	3.49265	3109.17	1.23474	1.22013	1.24935	17.169	16.601	17.7564
avi_top1_per_kb	C_loglog	log10	3.50193	3176.39	1.23567	1.22098	1.25035	17.2054	16.6335	17.7971
avi_top1_per_kb	C_loglog	log10	3.51122	3245.06	1.23659	1.22183	1.25134	17.242	16.666	17.8379
avi_top1_per_kb	C_loglog	log10	3.52051	3315.22	1.23751	1.22268	1.25234	17.2786	16.6986	17.8788
avi_top1_per_kb	C_loglog	log10	3.5298	3386.89	1.23843	1.22353	1.25333	17.3153	16.7313	17.9197
avi_top1_per_kb	C_loglog	log10	3.53909	3460.11	1.23935	1.22438	1.25433	17.3521	16.7641	17.9608
avi_top1_per_kb	C_loglog	log10	3.54838	3534.91	1.24027	1.22523	1.25532	17.389	16.7969	18.002
avi_top1_per_kb	C_loglog	log10	3.55767	3611.33	1.2412	1.22608	1.25631	17.4259	16.8297	18.0433
avi_top1_per_kb	C_loglog	log10	3.56696	3689.41	1.24212	1.22693	1.25731	17.4629	16.8626	18.0846
avi_top1_per_kb	C_loglog	log10	3.57625	3769.17	1.24304	1.22777	1.2583	17.5	16.8956	18.1261
avi_top1_per_kb	C_loglog	log10	3.58553	3850.66	1.24396	1.22862	1.2593	17.5372	16.9287	18.1677
avi_top1_per_kb	C_loglog	log10	3.59482	3933.9	1.24488	1.22947	1.26029	17.5745	16.9618	18.2093
avi_top1_per_kb	C_loglog	log10	3.60411	4018.95	1.2458	1.23032	1.26129	17.6118	16.9949	18.2511
avi_top1_per_kb	C_loglog	log10	3.6134	4105.83	1.24673	1.23117	1.26228	17.6492	17.0282	18.293
avi_top1_per_kb	C_loglog	log10	3.62269	4194.6	1.24765	1.23202	1.26328	17.6867	17.0614	18.3349
avi_top1_per_kb	C_loglog	log10	3.63198	4285.28	1.24857	1.23286	1.26427	17.7243	17.0948	18.377
avi_top1_per_kb	C_loglog	log10	3.64127	4377.92	1.24949	1.23371	1.26527	17.762	17.1282	18.4192
avi_top1_per_kb	C_loglog	log10	3.65056	4472.57	1.25041	1.23456	1.26627	17.7997	17.1617	18.4614
avi_top1_per_kb	C_loglog	log10	3.65985	4569.26	1.25133	1.23541	1.26726	17.8375	17.1952	18.5038
avi_top1_per_kb	C_loglog	log10	3.66914	4668.05	1.25226	1.23626	1.26826	17.8754	17.2288	18.5463
avi_top1_per_kb	C_loglog	log10	3.67842	4768.96	1.25318	1.2371	1.26925	17.9134	17.2625	18.5888
avi_top1_per_kb	C_loglog	log10	3.68771	4872.06	1.2541	1.23795	1.27025	17.9514	17.2962	18.6315
avi_top1_per_kb	C_loglog	log10	3.697	4977.39	1.25502	1.2388	1.27124	17.9896	17.33	18.6743
avi_top1_per_kb	C_loglog	log10	3.70629	5085	1.25594	1.23965	1.27224	18.0278	17.3638	18.7171
avi_mean	A_raw_x	raw	1	1	4.42071	4.4079	4.43351	4.42071	4.4079	4.43351
avi_mean	A_raw_x	raw	13.7419	13.7419	4.42076	4.40817	4.43335	4.42076	4.40817	4.43335
avi_mean	A_raw_x	raw	26.4837	26.4837	4.42082	4.40844	4.43319	4.42082	4.40844	4.43319
avi_mean	A_raw_x	raw	39.2256	39.2256	4.42087	4.40871	4.43304	4.42087	4.40871	4.43304
avi_mean	A_raw_x	raw	51.9674	51.9674	4.42093	4.40896	4.43289	4.42093	4.40896	4.43289
avi_mean	A_raw_x	raw	64.7093	64.7093	4.42098	4.40921	4.43276	4.42098	4.40921	4.43276
avi_mean	A_raw_x	raw	77.4511	77.4511	4.42104	4.40945	4.43263	4.42104	4.40945	4.43263
avi_mean	A_raw_x	raw	90.193	90.193	4.42109	4.40968	4.43251	4.42109	4.40968	4.43251
avi_mean	A_raw_x	raw	102.935	102.935	4.42115	4.4099	4.4324	4.42115	4.4099	4.4324
avi_mean	A_raw_x	raw	115.677	115.677	4.42121	4.41012	4.43229	4.42121	4.41012	4.43229
avi_mean	A_raw_x	raw	128.419	128.419	4.42126	4.41032	4.4322	4.42126	4.41032	4.4322
avi_mean	A_raw_x	raw	141.16	141.16	4.42132	4.41051	4.43212	4.42132	4.41051	4.43212
avi_mean	A_raw_x	raw	153.902	153.902	4.42137	4.4107	4.43205	4.42137	4.4107	4.43205
avi_mean	A_raw_x	raw	166.644	166.644	4.42143	4.41087	4.43198	4.42143	4.41087	4.43198
avi_mean	A_raw_x	raw	179.386	179.386	4.42148	4.41103	4.43193	4.42148	4.41103	4.43193
avi_mean	A_raw_x	raw	192.128	192.128	4.42154	4.41118	4.4319	4.42154	4.41118	4.4319
avi_mean	A_raw_x	raw	204.87	204.87	4.42159	4.41132	4.43187	4.42159	4.41132	4.43187
avi_mean	A_raw_x	raw	217.612	217.612	4.42165	4.41144	4.43185	4.42165	4.41144	4.43185
avi_mean	A_raw_x	raw	230.353	230.353	4.42171	4.41156	4.43185	4.42171	4.41156	4.43185
avi_mean	A_raw_x	raw	243.095	243.095	4.42176	4.41166	4.43186	4.42176	4.41166	4.43186
avi_mean	A_raw_x	raw	255.837	255.837	4.42182	4.41175	4.43189	4.42182	4.41175	4.43189
avi_mean	A_raw_x	raw	268.579	268.579	4.42187	4.41182	4.43192	4.42187	4.41182	4.43192
avi_mean	A_raw_x	raw	281.321	281.321	4.42193	4.41188	4.43197	4.42193	4.41188	4.43197
avi_mean	A_raw_x	raw	294.063	294.063	4.42198	4.41193	4.43203	4.42198	4.41193	4.43203
avi_mean	A_raw_x	raw	306.805	306.805	4.42204	4.41197	4.43211	4.42204	4.41197	4.43211
avi_mean	A_raw_x	raw	319.546	319.546	4.42209	4.41199	4.43219	4.42209	4.41199	4.43219
avi_mean	A_raw_x	raw	332.288	332.288	4.42215	4.41201	4.43229	4.42215	4.41201	4.43229
avi_mean	A_raw_x	raw	345.03	345.03	4.42221	4.412	4.43241	4.42221	4.412	4.43241
avi_mean	A_raw_x	raw	357.772	357.772	4.42226	4.41199	4.43253	4.42226	4.41199	4.43253
avi_mean	A_raw_x	raw	370.514	370.514	4.42232	4.41196	4.43267	4.42232	4.41196	4.43267
avi_mean	A_raw_x	raw	383.256	383.256	4.42237	4.41192	4.43282	4.42237	4.41192	4.43282
avi_mean	A_raw_x	raw	395.997	395.997	4.42243	4.41188	4.43298	4.42243	4.41188	4.43298
avi_mean	A_raw_x	raw	408.739	408.739	4.42248	4.41181	4.43315	4.42248	4.41181	4.43315
avi_mean	A_raw_x	raw	421.481	421.481	4.42254	4.41174	4.43333	4.42254	4.41174	4.43333
avi_mean	A_raw_x	raw	434.223	434.223	4.42259	4.41166	4.43353	4.42259	4.41166	4.43353
avi_mean	A_raw_x	raw	446.965	446.965	4.42265	4.41157	4.43373	4.42265	4.41157	4.43373
avi_mean	A_raw_x	raw	459.707	459.707	4.4227	4.41147	4.43394	4.4227	4.41147	4.43394
avi_mean	A_raw_x	raw	472.449	472.449	4.42276	4.41136	4.43416	4.42276	4.41136	4.43416
avi_mean	A_raw_x	raw	485.19	485.19	4.42282	4.41124	4.4344	4.42282	4.41124	4.4344
avi_mean	A_raw_x	raw	497.932	497.932	4.42287	4.41111	4.43464	4.42287	4.41111	4.43464
avi_mean	A_raw_x	raw	510.674	510.674	4.42293	4.41097	4.43488	4.42293	4.41097	4.43488
avi_mean	A_raw_x	raw	523.416	523.416	4.42298	4.41083	4.43514	4.42298	4.41083	4.43514
avi_mean	A_raw_x	raw	536.158	536.158	4.42304	4.41068	4.4354	4.42304	4.41068	4.4354
avi_mean	A_raw_x	raw	548.9	548.9	4.42309	4.41052	4.43567	4.42309	4.41052	4.43567
avi_mean	A_raw_x	raw	561.642	561.642	4.42315	4.41035	4.43595	4.42315	4.41035	4.43595
avi_mean	A_raw_x	raw	574.383	574.383	4.4232	4.41018	4.43623	4.4232	4.41018	4.43623
avi_mean	A_raw_x	raw	587.125	587.125	4.42326	4.41	4.43652	4.42326	4.41	4.43652
avi_mean	A_raw_x	raw	599.867	599.867	4.42332	4.40982	4.43681	4.42332	4.40982	4.43681
avi_mean	A_raw_x	raw	612.609	612.609	4.42337	4.40963	4.43711	4.42337	4.40963	4.43711
avi_mean	A_raw_x	raw	625.351	625.351	4.42343	4.40944	4.43741	4.42343	4.40944	4.43741
avi_mean	A_raw_x	raw	638.093	638.093	4.42348	4.40924	4.43772	4.42348	4.40924	4.43772
avi_mean	A_raw_x	raw	650.835	650.835	4.42354	4.40904	4.43804	4.42354	4.40904	4.43804
avi_mean	A_raw_x	raw	663.576	663.576	4.42359	4.40883	4.43835	4.42359	4.40883	4.43835
avi_mean	A_raw_x	raw	676.318	676.318	4.42365	4.40862	4.43868	4.42365	4.40862	4.43868
avi_mean	A_raw_x	raw	689.06	689.06	4.4237	4.40841	4.439	4.4237	4.40841	4.439
avi_mean	A_raw_x	raw	701.802	701.802	4.42376	4.40819	4.43933	4.42376	4.40819	4.43933
avi_mean	A_raw_x	raw	714.544	714.544	4.42382	4.40797	4.43966	4.42382	4.40797	4.43966
avi_mean	A_raw_x	raw	727.286	727.286	4.42387	4.40774	4.44	4.42387	4.40774	4.44
avi_mean	A_raw_x	raw	740.028	740.028	4.42393	4.40751	4.44034	4.42393	4.40751	4.44034
avi_mean	A_raw_x	raw	752.769	752.769	4.42398	4.40728	4.44068	4.42398	4.40728	4.44068
avi_mean	A_raw_x	raw	765.511	765.511	4.42404	4.40705	4.44103	4.42404	4.40705	4.44103
avi_mean	A_raw_x	raw	778.253	778.253	4.42409	4.40681	4.44138	4.42409	4.40681	4.44138
avi_mean	A_raw_x	raw	790.995	790.995	4.42415	4.40657	4.44173	4.42415	4.40657	4.44173
avi_mean	A_raw_x	raw	803.737	803.737	4.4242	4.40633	4.44208	4.4242	4.40633	4.44208
avi_mean	A_raw_x	raw	816.479	816.479	4.42426	4.40609	4.44243	4.42426	4.40609	4.44243
avi_mean	A_raw_x	raw	829.221	829.221	4.42432	4.40584	4.44279	4.42432	4.40584	4.44279
avi_mean	A_raw_x	raw	841.962	841.962	4.42437	4.40559	4.44315	4.42437	4.40559	4.44315
avi_mean	A_raw_x	raw	854.704	854.704	4.42443	4.40534	4.44351	4.42443	4.40534	4.44351
avi_mean	A_raw_x	raw	867.446	867.446	4.42448	4.40509	4.44388	4.42448	4.40509	4.44388
avi_mean	A_raw_x	raw	880.188	880.188	4.42454	4.40483	4.44424	4.42454	4.40483	4.44424
avi_mean	A_raw_x	raw	892.93	892.93	4.42459	4.40458	4.44461	4.42459	4.40458	4.44461
avi_mean	A_raw_x	raw	905.672	905.672	4.42465	4.40432	4.44498	4.42465	4.40432	4.44498
avi_mean	A_raw_x	raw	918.414	918.414	4.4247	4.40406	4.44535	4.4247	4.40406	4.44535
avi_mean	A_raw_x	raw	931.155	931.155	4.42476	4.4038	4.44572	4.42476	4.4038	4.44572
avi_mean	A_raw_x	raw	943.897	943.897	4.42482	4.40354	4.44609	4.42482	4.40354	4.44609
avi_mean	A_raw_x	raw	956.639	956.639	4.42487	4.40328	4.44647	4.42487	4.40328	4.44647
avi_mean	A_raw_x	raw	969.381	969.381	4.42493	4.40301	4.44684	4.42493	4.40301	4.44684
avi_mean	A_raw_x	raw	982.123	982.123	4.42498	4.40275	4.44722	4.42498	4.40275	4.44722
avi_mean	A_raw_x	raw	994.865	994.865	4.42504	4.40248	4.4476	4.42504	4.40248	4.4476
avi_mean	A_raw_x	raw	1007.61	1007.61	4.42509	4.40221	4.44798	4.42509	4.40221	4.44798
avi_mean	A_raw_x	raw	1020.35	1020.35	4.42515	4.40194	4.44836	4.42515	4.40194	4.44836
avi_mean	A_raw_x	raw	1033.09	1033.09	4.4252	4.40167	4.44874	4.4252	4.40167	4.44874
avi_mean	A_raw_x	raw	1045.83	1045.83	4.42526	4.4014	4.44912	4.42526	4.4014	4.44912
avi_mean	A_raw_x	raw	1058.57	1058.57	4.42532	4.40113	4.4495	4.42532	4.40113	4.4495
avi_mean	A_raw_x	raw	1071.32	1071.32	4.42537	4.40085	4.44989	4.42537	4.40085	4.44989
avi_mean	A_raw_x	raw	1084.06	1084.06	4.42543	4.40058	4.45027	4.42543	4.40058	4.45027
avi_mean	A_raw_x	raw	1096.8	1096.8	4.42548	4.40031	4.45066	4.42548	4.40031	4.45066
avi_mean	A_raw_x	raw	1109.54	1109.54	4.42554	4.40003	4.45105	4.42554	4.40003	4.45105
avi_mean	A_raw_x	raw	1122.28	1122.28	4.42559	4.39975	4.45143	4.42559	4.39975	4.45143
avi_mean	A_raw_x	raw	1135.03	1135.03	4.42565	4.39948	4.45182	4.42565	4.39948	4.45182
avi_mean	A_raw_x	raw	1147.77	1147.77	4.4257	4.3992	4.45221	4.4257	4.3992	4.45221
avi_mean	A_raw_x	raw	1160.51	1160.51	4.42576	4.39892	4.4526	4.42576	4.39892	4.4526
avi_mean	A_raw_x	raw	1173.25	1173.25	4.42582	4.39864	4.45299	4.42582	4.39864	4.45299
avi_mean	A_raw_x	raw	1185.99	1185.99	4.42587	4.39836	4.45338	4.42587	4.39836	4.45338
avi_mean	A_raw_x	raw	1198.73	1198.73	4.42593	4.39808	4.45377	4.42593	4.39808	4.45377
avi_mean	A_raw_x	raw	1211.48	1211.48	4.42598	4.3978	4.45417	4.42598	4.3978	4.45417
avi_mean	A_raw_x	raw	1224.22	1224.22	4.42604	4.39752	4.45456	4.42604	4.39752	4.45456
avi_mean	A_raw_x	raw	1236.96	1236.96	4.42609	4.39723	4.45495	4.42609	4.39723	4.45495
avi_mean	A_raw_x	raw	1249.7	1249.7	4.42615	4.39695	4.45535	4.42615	4.39695	4.45535
avi_mean	A_raw_x	raw	1262.44	1262.44	4.4262	4.39667	4.45574	4.4262	4.39667	4.45574
avi_mean	A_raw_x	raw	1275.19	1275.19	4.42626	4.39638	4.45614	4.42626	4.39638	4.45614
avi_mean	A_raw_x	raw	1287.93	1287.93	4.42632	4.3961	4.45653	4.42632	4.3961	4.45653
avi_mean	A_raw_x	raw	1300.67	1300.67	4.42637	4.39581	4.45693	4.42637	4.39581	4.45693
avi_mean	A_raw_x	raw	1313.41	1313.41	4.42643	4.39553	4.45733	4.42643	4.39553	4.45733
avi_mean	A_raw_x	raw	1326.15	1326.15	4.42648	4.39524	4.45772	4.42648	4.39524	4.45772
avi_mean	A_raw_x	raw	1338.89	1338.89	4.42654	4.39495	4.45812	4.42654	4.39495	4.45812
avi_mean	A_raw_x	raw	1351.64	1351.64	4.42659	4.39467	4.45852	4.42659	4.39467	4.45852
avi_mean	A_raw_x	raw	1364.38	1364.38	4.42665	4.39438	4.45892	4.42665	4.39438	4.45892
avi_mean	A_raw_x	raw	1377.12	1377.12	4.4267	4.39409	4.45932	4.4267	4.39409	4.45932
avi_mean	A_raw_x	raw	1389.86	1389.86	4.42676	4.39381	4.45971	4.42676	4.39381	4.45971
avi_mean	A_raw_x	raw	1402.6	1402.6	4.42682	4.39352	4.46011	4.42682	4.39352	4.46011
avi_mean	A_raw_x	raw	1415.35	1415.35	4.42687	4.39323	4.46051	4.42687	4.39323	4.46051
avi_mean	A_raw_x	raw	1428.09	1428.09	4.42693	4.39294	4.46091	4.42693	4.39294	4.46091
avi_mean	A_raw_x	raw	1440.83	1440.83	4.42698	4.39265	4.46131	4.42698	4.39265	4.46131
avi_mean	A_raw_x	raw	1453.57	1453.57	4.42704	4.39236	4.46172	4.42704	4.39236	4.46172
avi_mean	A_raw_x	raw	1466.31	1466.31	4.42709	4.39207	4.46212	4.42709	4.39207	4.46212
avi_mean	A_raw_x	raw	1479.06	1479.06	4.42715	4.39178	4.46252	4.42715	4.39178	4.46252
avi_mean	A_raw_x	raw	1491.8	1491.8	4.4272	4.39149	4.46292	4.4272	4.39149	4.46292
avi_mean	A_raw_x	raw	1504.54	1504.54	4.42726	4.3912	4.46332	4.42726	4.3912	4.46332
avi_mean	A_raw_x	raw	1517.28	1517.28	4.42732	4.39091	4.46372	4.42732	4.39091	4.46372
avi_mean	A_raw_x	raw	1530.02	1530.02	4.42737	4.39062	4.46413	4.42737	4.39062	4.46413
avi_mean	A_raw_x	raw	1542.76	1542.76	4.42743	4.39032	4.46453	4.42743	4.39032	4.46453
avi_mean	A_raw_x	raw	1555.51	1555.51	4.42748	4.39003	4.46493	4.42748	4.39003	4.46493
avi_mean	A_raw_x	raw	1568.25	1568.25	4.42754	4.38974	4.46534	4.42754	4.38974	4.46534
avi_mean	A_raw_x	raw	1580.99	1580.99	4.42759	4.38945	4.46574	4.42759	4.38945	4.46574
avi_mean	A_raw_x	raw	1593.73	1593.73	4.42765	4.38915	4.46614	4.42765	4.38915	4.46614
avi_mean	A_raw_x	raw	1606.47	1606.47	4.4277	4.38886	4.46655	4.4277	4.38886	4.46655
avi_mean	A_raw_x	raw	1619.22	1619.22	4.42776	4.38857	4.46695	4.42776	4.38857	4.46695
avi_mean	A_raw_x	raw	1631.96	1631.96	4.42782	4.38828	4.46736	4.42782	4.38828	4.46736
avi_mean	A_raw_x	raw	1644.7	1644.7	4.42787	4.38798	4.46776	4.42787	4.38798	4.46776
avi_mean	A_raw_x	raw	1657.44	1657.44	4.42793	4.38769	4.46817	4.42793	4.38769	4.46817
avi_mean	A_raw_x	raw	1670.18	1670.18	4.42798	4.38739	4.46857	4.42798	4.38739	4.46857
avi_mean	A_raw_x	raw	1682.92	1682.92	4.42804	4.3871	4.46898	4.42804	4.3871	4.46898
avi_mean	A_raw_x	raw	1695.67	1695.67	4.42809	4.38681	4.46938	4.42809	4.38681	4.46938
avi_mean	A_raw_x	raw	1708.41	1708.41	4.42815	4.38651	4.46979	4.42815	4.38651	4.46979
avi_mean	A_raw_x	raw	1721.15	1721.15	4.4282	4.38622	4.47019	4.4282	4.38622	4.47019
avi_mean	A_raw_x	raw	1733.89	1733.89	4.42826	4.38592	4.4706	4.42826	4.38592	4.4706
avi_mean	A_raw_x	raw	1746.63	1746.63	4.42832	4.38563	4.471	4.42832	4.38563	4.471
avi_mean	A_raw_x	raw	1759.38	1759.38	4.42837	4.38533	4.47141	4.42837	4.38533	4.47141
avi_mean	A_raw_x	raw	1772.12	1772.12	4.42843	4.38504	4.47182	4.42843	4.38504	4.47182
avi_mean	A_raw_x	raw	1784.86	1784.86	4.42848	4.38474	4.47222	4.42848	4.38474	4.47222
avi_mean	A_raw_x	raw	1797.6	1797.6	4.42854	4.38444	4.47263	4.42854	4.38444	4.47263
avi_mean	A_raw_x	raw	1810.34	1810.34	4.42859	4.38415	4.47304	4.42859	4.38415	4.47304
avi_mean	A_raw_x	raw	1823.09	1823.09	4.42865	4.38385	4.47345	4.42865	4.38385	4.47345
avi_mean	A_raw_x	raw	1835.83	1835.83	4.4287	4.38356	4.47385	4.4287	4.38356	4.47385
avi_mean	A_raw_x	raw	1848.57	1848.57	4.42876	4.38326	4.47426	4.42876	4.38326	4.47426
avi_mean	A_raw_x	raw	1861.31	1861.31	4.42882	4.38296	4.47467	4.42882	4.38296	4.47467
avi_mean	A_raw_x	raw	1874.05	1874.05	4.42887	4.38267	4.47508	4.42887	4.38267	4.47508
avi_mean	A_raw_x	raw	1886.79	1886.79	4.42893	4.38237	4.47548	4.42893	4.38237	4.47548
avi_mean	A_raw_x	raw	1899.54	1899.54	4.42898	4.38207	4.47589	4.42898	4.38207	4.47589
avi_mean	A_raw_x	raw	1912.28	1912.28	4.42904	4.38178	4.4763	4.42904	4.38178	4.4763
avi_mean	A_raw_x	raw	1925.02	1925.02	4.42909	4.38148	4.47671	4.42909	4.38148	4.47671
avi_mean	A_raw_x	raw	1937.76	1937.76	4.42915	4.38118	4.47712	4.42915	4.38118	4.47712
avi_mean	A_raw_x	raw	1950.5	1950.5	4.4292	4.38088	4.47752	4.4292	4.38088	4.47752
avi_mean	A_raw_x	raw	1963.25	1963.25	4.42926	4.38059	4.47793	4.42926	4.38059	4.47793
avi_mean	A_raw_x	raw	1975.99	1975.99	4.42932	4.38029	4.47834	4.42932	4.38029	4.47834
avi_mean	A_raw_x	raw	1988.73	1988.73	4.42937	4.37999	4.47875	4.42937	4.37999	4.47875
avi_mean	A_raw_x	raw	2001.47	2001.47	4.42943	4.37969	4.47916	4.42943	4.37969	4.47916
avi_mean	A_raw_x	raw	2014.21	2014.21	4.42948	4.37939	4.47957	4.42948	4.37939	4.47957
avi_mean	A_raw_x	raw	2026.95	2026.95	4.42954	4.3791	4.47998	4.42954	4.3791	4.47998
avi_mean	A_raw_x	raw	2039.7	2039.7	4.42959	4.3788	4.48039	4.42959	4.3788	4.48039
avi_mean	A_raw_x	raw	2052.44	2052.44	4.42965	4.3785	4.4808	4.42965	4.3785	4.4808
avi_mean	A_raw_x	raw	2065.18	2065.18	4.4297	4.3782	4.48121	4.4297	4.3782	4.48121
avi_mean	A_raw_x	raw	2077.92	2077.92	4.42976	4.3779	4.48162	4.42976	4.3779	4.48162
avi_mean	A_raw_x	raw	2090.66	2090.66	4.42982	4.37761	4.48203	4.42982	4.37761	4.48203
avi_mean	A_raw_x	raw	2103.41	2103.41	4.42987	4.37731	4.48243	4.42987	4.37731	4.48243
avi_mean	A_raw_x	raw	2116.15	2116.15	4.42993	4.37701	4.48284	4.42993	4.37701	4.48284
avi_mean	A_raw_x	raw	2128.89	2128.89	4.42998	4.37671	4.48325	4.42998	4.37671	4.48325
avi_mean	A_raw_x	raw	2141.63	2141.63	4.43004	4.37641	4.48366	4.43004	4.37641	4.48366
avi_mean	A_raw_x	raw	2154.37	2154.37	4.43009	4.37611	4.48407	4.43009	4.37611	4.48407
avi_mean	A_raw_x	raw	2167.12	2167.12	4.43015	4.37581	4.48448	4.43015	4.37581	4.48448
avi_mean	A_raw_x	raw	2179.86	2179.86	4.4302	4.37551	4.48489	4.4302	4.37551	4.48489
avi_mean	A_raw_x	raw	2192.6	2192.6	4.43026	4.37521	4.48531	4.43026	4.37521	4.48531
avi_mean	A_raw_x	raw	2205.34	2205.34	4.43032	4.37491	4.48572	4.43032	4.37491	4.48572
avi_mean	A_raw_x	raw	2218.08	2218.08	4.43037	4.37461	4.48613	4.43037	4.37461	4.48613
avi_mean	A_raw_x	raw	2230.82	2230.82	4.43043	4.37432	4.48654	4.43043	4.37432	4.48654
avi_mean	A_raw_x	raw	2243.57	2243.57	4.43048	4.37402	4.48695	4.43048	4.37402	4.48695
avi_mean	A_raw_x	raw	2256.31	2256.31	4.43054	4.37372	4.48736	4.43054	4.37372	4.48736
avi_mean	A_raw_x	raw	2269.05	2269.05	4.43059	4.37342	4.48777	4.43059	4.37342	4.48777
avi_mean	A_raw_x	raw	2281.79	2281.79	4.43065	4.37312	4.48818	4.43065	4.37312	4.48818
avi_mean	A_raw_x	raw	2294.53	2294.53	4.4307	4.37282	4.48859	4.4307	4.37282	4.48859
avi_mean	A_raw_x	raw	2307.28	2307.28	4.43076	4.37252	4.489	4.43076	4.37252	4.489
avi_mean	A_raw_x	raw	2320.02	2320.02	4.43081	4.37222	4.48941	4.43081	4.37222	4.48941
avi_mean	A_raw_x	raw	2332.76	2332.76	4.43087	4.37192	4.48982	4.43087	4.37192	4.48982
avi_mean	A_raw_x	raw	2345.5	2345.5	4.43093	4.37162	4.49023	4.43093	4.37162	4.49023
avi_mean	A_raw_x	raw	2358.24	2358.24	4.43098	4.37132	4.49065	4.43098	4.37132	4.49065
avi_mean	A_raw_x	raw	2370.98	2370.98	4.43104	4.37102	4.49106	4.43104	4.37102	4.49106
avi_mean	A_raw_x	raw	2383.73	2383.73	4.43109	4.37072	4.49147	4.43109	4.37072	4.49147
avi_mean	A_raw_x	raw	2396.47	2396.47	4.43115	4.37042	4.49188	4.43115	4.37042	4.49188
avi_mean	A_raw_x	raw	2409.21	2409.21	4.4312	4.37012	4.49229	4.4312	4.37012	4.49229
avi_mean	A_raw_x	raw	2421.95	2421.95	4.43126	4.36982	4.4927	4.43126	4.36982	4.4927
avi_mean	A_raw_x	raw	2434.69	2434.69	4.43131	4.36951	4.49311	4.43131	4.36951	4.49311
avi_mean	A_raw_x	raw	2447.44	2447.44	4.43137	4.36921	4.49353	4.43137	4.36921	4.49353
avi_mean	A_raw_x	raw	2460.18	2460.18	4.43143	4.36891	4.49394	4.43143	4.36891	4.49394
avi_mean	A_raw_x	raw	2472.92	2472.92	4.43148	4.36861	4.49435	4.43148	4.36861	4.49435
avi_mean	A_raw_x	raw	2485.66	2485.66	4.43154	4.36831	4.49476	4.43154	4.36831	4.49476
avi_mean	A_raw_x	raw	2498.4	2498.4	4.43159	4.36801	4.49517	4.43159	4.36801	4.49517
avi_mean	A_raw_x	raw	2511.15	2511.15	4.43165	4.36771	4.49559	4.43165	4.36771	4.49559
avi_mean	A_raw_x	raw	2523.89	2523.89	4.4317	4.36741	4.496	4.4317	4.36741	4.496
avi_mean	A_raw_x	raw	2536.63	2536.63	4.43176	4.36711	4.49641	4.43176	4.36711	4.49641
avi_mean	A_raw_x	raw	2549.37	2549.37	4.43181	4.36681	4.49682	4.43181	4.36681	4.49682
avi_mean	A_raw_x	raw	2562.11	2562.11	4.43187	4.36651	4.49723	4.43187	4.36651	4.49723
avi_mean	A_raw_x	raw	2574.85	2574.85	4.43193	4.36621	4.49765	4.43193	4.36621	4.49765
avi_mean	A_raw_x	raw	2587.6	2587.6	4.43198	4.3659	4.49806	4.43198	4.3659	4.49806
avi_mean	A_raw_x	raw	2600.34	2600.34	4.43204	4.3656	4.49847	4.43204	4.3656	4.49847
avi_mean	A_raw_x	raw	2613.08	2613.08	4.43209	4.3653	4.49888	4.43209	4.3653	4.49888
avi_mean	A_raw_x	raw	2625.82	2625.82	4.43215	4.365	4.49929	4.43215	4.365	4.49929
avi_mean	A_raw_x	raw	2638.56	2638.56	4.4322	4.3647	4.49971	4.4322	4.3647	4.49971
avi_mean	A_raw_x	raw	2651.31	2651.31	4.43226	4.3644	4.50012	4.43226	4.3644	4.50012
avi_mean	A_raw_x	raw	2664.05	2664.05	4.43231	4.3641	4.50053	4.43231	4.3641	4.50053
avi_mean	A_raw_x	raw	2676.79	2676.79	4.43237	4.3638	4.50094	4.43237	4.3638	4.50094
avi_mean	A_raw_x	raw	2689.53	2689.53	4.43243	4.36349	4.50136	4.43243	4.36349	4.50136
avi_mean	A_raw_x	raw	2702.27	2702.27	4.43248	4.36319	4.50177	4.43248	4.36319	4.50177
avi_mean	A_raw_x	raw	2715.02	2715.02	4.43254	4.36289	4.50218	4.43254	4.36289	4.50218
avi_mean	A_raw_x	raw	2727.76	2727.76	4.43259	4.36259	4.5026	4.43259	4.36259	4.5026
avi_mean	A_raw_x	raw	2740.5	2740.5	4.43265	4.36229	4.50301	4.43265	4.36229	4.50301
avi_mean	A_raw_x	raw	2753.24	2753.24	4.4327	4.36199	4.50342	4.4327	4.36199	4.50342
avi_mean	A_raw_x	raw	2765.98	2765.98	4.43276	4.36168	4.50383	4.43276	4.36168	4.50383
avi_mean	A_raw_x	raw	2778.72	2778.72	4.43281	4.36138	4.50425	4.43281	4.36138	4.50425
avi_mean	A_raw_x	raw	2791.47	2791.47	4.43287	4.36108	4.50466	4.43287	4.36108	4.50466
avi_mean	A_raw_x	raw	2804.21	2804.21	4.43293	4.36078	4.50507	4.43293	4.36078	4.50507
avi_mean	A_raw_x	raw	2816.95	2816.95	4.43298	4.36048	4.50548	4.43298	4.36048	4.50548
avi_mean	A_raw_x	raw	2829.69	2829.69	4.43304	4.36018	4.5059	4.43304	4.36018	4.5059
avi_mean	A_raw_x	raw	2842.43	2842.43	4.43309	4.35987	4.50631	4.43309	4.35987	4.50631
avi_mean	A_raw_x	raw	2855.18	2855.18	4.43315	4.35957	4.50672	4.43315	4.35957	4.50672
avi_mean	A_raw_x	raw	2867.92	2867.92	4.4332	4.35927	4.50714	4.4332	4.35927	4.50714
avi_mean	A_raw_x	raw	2880.66	2880.66	4.43326	4.35897	4.50755	4.43326	4.35897	4.50755
avi_mean	A_raw_x	raw	2893.4	2893.4	4.43331	4.35867	4.50796	4.43331	4.35867	4.50796
avi_mean	A_raw_x	raw	2906.14	2906.14	4.43337	4.35836	4.50838	4.43337	4.35836	4.50838
avi_mean	A_raw_x	raw	2918.88	2918.88	4.43343	4.35806	4.50879	4.43343	4.35806	4.50879
avi_mean	A_raw_x	raw	2931.63	2931.63	4.43348	4.35776	4.5092	4.43348	4.35776	4.5092
avi_mean	A_raw_x	raw	2944.37	2944.37	4.43354	4.35746	4.50962	4.43354	4.35746	4.50962
avi_mean	A_raw_x	raw	2957.11	2957.11	4.43359	4.35716	4.51003	4.43359	4.35716	4.51003
avi_mean	A_raw_x	raw	2969.85	2969.85	4.43365	4.35685	4.51044	4.43365	4.35685	4.51044
avi_mean	A_raw_x	raw	2982.59	2982.59	4.4337	4.35655	4.51086	4.4337	4.35655	4.51086
avi_mean	A_raw_x	raw	2995.34	2995.34	4.43376	4.35625	4.51127	4.43376	4.35625	4.51127
avi_mean	A_raw_x	raw	3008.08	3008.08	4.43381	4.35595	4.51168	4.43381	4.35595	4.51168
avi_mean	A_raw_x	raw	3020.82	3020.82	4.43387	4.35564	4.5121	4.43387	4.35564	4.5121
avi_mean	A_raw_x	raw	3033.56	3033.56	4.43393	4.35534	4.51251	4.43393	4.35534	4.51251
avi_mean	A_raw_x	raw	3046.3	3046.3	4.43398	4.35504	4.51292	4.43398	4.35504	4.51292
avi_mean	A_raw_x	raw	3059.05	3059.05	4.43404	4.35474	4.51334	4.43404	4.35474	4.51334
avi_mean	A_raw_x	raw	3071.79	3071.79	4.43409	4.35443	4.51375	4.43409	4.35443	4.51375
avi_mean	A_raw_x	raw	3084.53	3084.53	4.43415	4.35413	4.51416	4.43415	4.35413	4.51416
avi_mean	A_raw_x	raw	3097.27	3097.27	4.4342	4.35383	4.51458	4.4342	4.35383	4.51458
avi_mean	A_raw_x	raw	3110.01	3110.01	4.43426	4.35353	4.51499	4.43426	4.35353	4.51499
avi_mean	A_raw_x	raw	3122.75	3122.75	4.43431	4.35322	4.5154	4.43431	4.35322	4.5154
avi_mean	A_raw_x	raw	3135.5	3135.5	4.43437	4.35292	4.51582	4.43437	4.35292	4.51582
avi_mean	A_raw_x	raw	3148.24	3148.24	4.43443	4.35262	4.51623	4.43443	4.35262	4.51623
avi_mean	A_raw_x	raw	3160.98	3160.98	4.43448	4.35232	4.51665	4.43448	4.35232	4.51665
avi_mean	A_raw_x	raw	3173.72	3173.72	4.43454	4.35201	4.51706	4.43454	4.35201	4.51706
avi_mean	A_raw_x	raw	3186.46	3186.46	4.43459	4.35171	4.51747	4.43459	4.35171	4.51747
avi_mean	A_raw_x	raw	3199.21	3199.21	4.43465	4.35141	4.51789	4.43465	4.35141	4.51789
avi_mean	A_raw_x	raw	3211.95	3211.95	4.4347	4.35111	4.5183	4.4347	4.35111	4.5183
avi_mean	A_raw_x	raw	3224.69	3224.69	4.43476	4.3508	4.51871	4.43476	4.3508	4.51871
avi_mean	A_raw_x	raw	3237.43	3237.43	4.43481	4.3505	4.51913	4.43481	4.3505	4.51913
avi_mean	A_raw_x	raw	3250.17	3250.17	4.43487	4.3502	4.51954	4.43487	4.3502	4.51954
avi_mean	A_raw_x	raw	3262.91	3262.91	4.43493	4.3499	4.51996	4.43493	4.3499	4.51996
avi_mean	A_raw_x	raw	3275.66	3275.66	4.43498	4.34959	4.52037	4.43498	4.34959	4.52037
avi_mean	A_raw_x	raw	3288.4	3288.4	4.43504	4.34929	4.52078	4.43504	4.34929	4.52078
avi_mean	A_raw_x	raw	3301.14	3301.14	4.43509	4.34899	4.5212	4.43509	4.34899	4.5212
avi_mean	A_raw_x	raw	3313.88	3313.88	4.43515	4.34868	4.52161	4.43515	4.34868	4.52161
avi_mean	A_raw_x	raw	3326.62	3326.62	4.4352	4.34838	4.52203	4.4352	4.34838	4.52203
avi_mean	A_raw_x	raw	3339.37	3339.37	4.43526	4.34808	4.52244	4.43526	4.34808	4.52244
avi_mean	A_raw_x	raw	3352.11	3352.11	4.43531	4.34778	4.52285	4.43531	4.34778	4.52285
avi_mean	A_raw_x	raw	3364.85	3364.85	4.43537	4.34747	4.52327	4.43537	4.34747	4.52327
avi_mean	A_raw_x	raw	3377.59	3377.59	4.43543	4.34717	4.52368	4.43543	4.34717	4.52368
avi_mean	A_raw_x	raw	3390.33	3390.33	4.43548	4.34687	4.5241	4.43548	4.34687	4.5241
avi_mean	A_raw_x	raw	3403.08	3403.08	4.43554	4.34656	4.52451	4.43554	4.34656	4.52451
avi_mean	A_raw_x	raw	3415.82	3415.82	4.43559	4.34626	4.52492	4.43559	4.34626	4.52492
avi_mean	A_raw_x	raw	3428.56	3428.56	4.43565	4.34596	4.52534	4.43565	4.34596	4.52534
avi_mean	A_raw_x	raw	3441.3	3441.3	4.4357	4.34565	4.52575	4.4357	4.34565	4.52575
avi_mean	A_raw_x	raw	3454.04	3454.04	4.43576	4.34535	4.52617	4.43576	4.34535	4.52617
avi_mean	A_raw_x	raw	3466.78	3466.78	4.43581	4.34505	4.52658	4.43581	4.34505	4.52658
avi_mean	A_raw_x	raw	3479.53	3479.53	4.43587	4.34474	4.52699	4.43587	4.34474	4.52699
avi_mean	A_raw_x	raw	3492.27	3492.27	4.43593	4.34444	4.52741	4.43593	4.34444	4.52741
avi_mean	A_raw_x	raw	3505.01	3505.01	4.43598	4.34414	4.52782	4.43598	4.34414	4.52782
avi_mean	A_raw_x	raw	3517.75	3517.75	4.43604	4.34384	4.52824	4.43604	4.34384	4.52824
avi_mean	A_raw_x	raw	3530.49	3530.49	4.43609	4.34353	4.52865	4.43609	4.34353	4.52865
avi_mean	A_raw_x	raw	3543.24	3543.24	4.43615	4.34323	4.52907	4.43615	4.34323	4.52907
avi_mean	A_raw_x	raw	3555.98	3555.98	4.4362	4.34293	4.52948	4.4362	4.34293	4.52948
avi_mean	A_raw_x	raw	3568.72	3568.72	4.43626	4.34262	4.52989	4.43626	4.34262	4.52989
avi_mean	A_raw_x	raw	3581.46	3581.46	4.43631	4.34232	4.53031	4.43631	4.34232	4.53031
avi_mean	A_raw_x	raw	3594.2	3594.2	4.43637	4.34202	4.53072	4.43637	4.34202	4.53072
avi_mean	A_raw_x	raw	3606.94	3606.94	4.43643	4.34171	4.53114	4.43643	4.34171	4.53114
avi_mean	A_raw_x	raw	3619.69	3619.69	4.43648	4.34141	4.53155	4.43648	4.34141	4.53155
avi_mean	A_raw_x	raw	3632.43	3632.43	4.43654	4.34111	4.53197	4.43654	4.34111	4.53197
avi_mean	A_raw_x	raw	3645.17	3645.17	4.43659	4.3408	4.53238	4.43659	4.3408	4.53238
avi_mean	A_raw_x	raw	3657.91	3657.91	4.43665	4.3405	4.5328	4.43665	4.3405	4.5328
avi_mean	A_raw_x	raw	3670.65	3670.65	4.4367	4.3402	4.53321	4.4367	4.3402	4.53321
avi_mean	A_raw_x	raw	3683.4	3683.4	4.43676	4.33989	4.53362	4.43676	4.33989	4.53362
avi_mean	A_raw_x	raw	3696.14	3696.14	4.43681	4.33959	4.53404	4.43681	4.33959	4.53404
avi_mean	A_raw_x	raw	3708.88	3708.88	4.43687	4.33929	4.53445	4.43687	4.33929	4.53445
avi_mean	A_raw_x	raw	3721.62	3721.62	4.43693	4.33898	4.53487	4.43693	4.33898	4.53487
avi_mean	A_raw_x	raw	3734.36	3734.36	4.43698	4.33868	4.53528	4.43698	4.33868	4.53528
avi_mean	A_raw_x	raw	3747.11	3747.11	4.43704	4.33838	4.5357	4.43704	4.33838	4.5357
avi_mean	A_raw_x	raw	3759.85	3759.85	4.43709	4.33807	4.53611	4.43709	4.33807	4.53611
avi_mean	A_raw_x	raw	3772.59	3772.59	4.43715	4.33777	4.53653	4.43715	4.33777	4.53653
avi_mean	A_raw_x	raw	3785.33	3785.33	4.4372	4.33747	4.53694	4.4372	4.33747	4.53694
avi_mean	A_raw_x	raw	3798.07	3798.07	4.43726	4.33716	4.53736	4.43726	4.33716	4.53736
avi_mean	A_raw_x	raw	3810.81	3810.81	4.43731	4.33686	4.53777	4.43731	4.33686	4.53777
avi_mean	A_raw_x	raw	3823.56	3823.56	4.43737	4.33655	4.53818	4.43737	4.33655	4.53818
avi_mean	A_raw_x	raw	3836.3	3836.3	4.43743	4.33625	4.5386	4.43743	4.33625	4.5386
avi_mean	A_raw_x	raw	3849.04	3849.04	4.43748	4.33595	4.53901	4.43748	4.33595	4.53901
avi_mean	A_raw_x	raw	3861.78	3861.78	4.43754	4.33564	4.53943	4.43754	4.33564	4.53943
avi_mean	A_raw_x	raw	3874.52	3874.52	4.43759	4.33534	4.53984	4.43759	4.33534	4.53984
avi_mean	A_raw_x	raw	3887.27	3887.27	4.43765	4.33504	4.54026	4.43765	4.33504	4.54026
avi_mean	A_raw_x	raw	3900.01	3900.01	4.4377	4.33473	4.54067	4.4377	4.33473	4.54067
avi_mean	A_raw_x	raw	3912.75	3912.75	4.43776	4.33443	4.54109	4.43776	4.33443	4.54109
avi_mean	A_raw_x	raw	3925.49	3925.49	4.43781	4.33413	4.5415	4.43781	4.33413	4.5415
avi_mean	A_raw_x	raw	3938.23	3938.23	4.43787	4.33382	4.54192	4.43787	4.33382	4.54192
avi_mean	A_raw_x	raw	3950.97	3950.97	4.43793	4.33352	4.54233	4.43793	4.33352	4.54233
avi_mean	A_raw_x	raw	3963.72	3963.72	4.43798	4.33322	4.54275	4.43798	4.33322	4.54275
avi_mean	A_raw_x	raw	3976.46	3976.46	4.43804	4.33291	4.54316	4.43804	4.33291	4.54316
avi_mean	A_raw_x	raw	3989.2	3989.2	4.43809	4.33261	4.54358	4.43809	4.33261	4.54358
avi_mean	A_raw_x	raw	4001.94	4001.94	4.43815	4.3323	4.54399	4.43815	4.3323	4.54399
avi_mean	A_raw_x	raw	4014.68	4014.68	4.4382	4.332	4.54441	4.4382	4.332	4.54441
avi_mean	A_raw_x	raw	4027.43	4027.43	4.43826	4.3317	4.54482	4.43826	4.3317	4.54482
avi_mean	A_raw_x	raw	4040.17	4040.17	4.43831	4.33139	4.54523	4.43831	4.33139	4.54523
avi_mean	A_raw_x	raw	4052.91	4052.91	4.43837	4.33109	4.54565	4.43837	4.33109	4.54565
avi_mean	A_raw_x	raw	4065.65	4065.65	4.43843	4.33079	4.54606	4.43843	4.33079	4.54606
avi_mean	A_raw_x	raw	4078.39	4078.39	4.43848	4.33048	4.54648	4.43848	4.33048	4.54648
avi_mean	A_raw_x	raw	4091.14	4091.14	4.43854	4.33018	4.54689	4.43854	4.33018	4.54689
avi_mean	A_raw_x	raw	4103.88	4103.88	4.43859	4.32987	4.54731	4.43859	4.32987	4.54731
avi_mean	A_raw_x	raw	4116.62	4116.62	4.43865	4.32957	4.54772	4.43865	4.32957	4.54772
avi_mean	A_raw_x	raw	4129.36	4129.36	4.4387	4.32927	4.54814	4.4387	4.32927	4.54814
avi_mean	A_raw_x	raw	4142.1	4142.1	4.43876	4.32896	4.54855	4.43876	4.32896	4.54855
avi_mean	A_raw_x	raw	4154.84	4154.84	4.43881	4.32866	4.54897	4.43881	4.32866	4.54897
avi_mean	A_raw_x	raw	4167.59	4167.59	4.43887	4.32836	4.54938	4.43887	4.32836	4.54938
avi_mean	A_raw_x	raw	4180.33	4180.33	4.43892	4.32805	4.5498	4.43892	4.32805	4.5498
avi_mean	A_raw_x	raw	4193.07	4193.07	4.43898	4.32775	4.55021	4.43898	4.32775	4.55021
avi_mean	A_raw_x	raw	4205.81	4205.81	4.43904	4.32744	4.55063	4.43904	4.32744	4.55063
avi_mean	A_raw_x	raw	4218.55	4218.55	4.43909	4.32714	4.55104	4.43909	4.32714	4.55104
avi_mean	A_raw_x	raw	4231.3	4231.3	4.43915	4.32684	4.55146	4.43915	4.32684	4.55146
avi_mean	A_raw_x	raw	4244.04	4244.04	4.4392	4.32653	4.55187	4.4392	4.32653	4.55187
avi_mean	A_raw_x	raw	4256.78	4256.78	4.43926	4.32623	4.55229	4.43926	4.32623	4.55229
avi_mean	A_raw_x	raw	4269.52	4269.52	4.43931	4.32592	4.5527	4.43931	4.32592	4.5527
avi_mean	A_raw_x	raw	4282.26	4282.26	4.43937	4.32562	4.55312	4.43937	4.32562	4.55312
avi_mean	A_raw_x	raw	4295.01	4295.01	4.43942	4.32532	4.55353	4.43942	4.32532	4.55353
avi_mean	A_raw_x	raw	4307.75	4307.75	4.43948	4.32501	4.55395	4.43948	4.32501	4.55395
avi_mean	A_raw_x	raw	4320.49	4320.49	4.43954	4.32471	4.55436	4.43954	4.32471	4.55436
avi_mean	A_raw_x	raw	4333.23	4333.23	4.43959	4.3244	4.55478	4.43959	4.3244	4.55478
avi_mean	A_raw_x	raw	4345.97	4345.97	4.43965	4.3241	4.55519	4.43965	4.3241	4.55519
avi_mean	A_raw_x	raw	4358.71	4358.71	4.4397	4.3238	4.55561	4.4397	4.3238	4.55561
avi_mean	A_raw_x	raw	4371.46	4371.46	4.43976	4.32349	4.55602	4.43976	4.32349	4.55602
avi_mean	A_raw_x	raw	4384.2	4384.2	4.43981	4.32319	4.55644	4.43981	4.32319	4.55644
avi_mean	A_raw_x	raw	4396.94	4396.94	4.43987	4.32288	4.55685	4.43987	4.32288	4.55685
avi_mean	A_raw_x	raw	4409.68	4409.68	4.43992	4.32258	4.55727	4.43992	4.32258	4.55727
avi_mean	A_raw_x	raw	4422.42	4422.42	4.43998	4.32228	4.55768	4.43998	4.32228	4.55768
avi_mean	A_raw_x	raw	4435.17	4435.17	4.44004	4.32197	4.5581	4.44004	4.32197	4.5581
avi_mean	A_raw_x	raw	4447.91	4447.91	4.44009	4.32167	4.55851	4.44009	4.32167	4.55851
avi_mean	A_raw_x	raw	4460.65	4460.65	4.44015	4.32136	4.55893	4.44015	4.32136	4.55893
avi_mean	A_raw_x	raw	4473.39	4473.39	4.4402	4.32106	4.55934	4.4402	4.32106	4.55934
avi_mean	A_raw_x	raw	4486.13	4486.13	4.44026	4.32076	4.55976	4.44026	4.32076	4.55976
avi_mean	A_raw_x	raw	4498.87	4498.87	4.44031	4.32045	4.56017	4.44031	4.32045	4.56017
avi_mean	A_raw_x	raw	4511.62	4511.62	4.44037	4.32015	4.56059	4.44037	4.32015	4.56059
avi_mean	A_raw_x	raw	4524.36	4524.36	4.44042	4.31984	4.561	4.44042	4.31984	4.561
avi_mean	A_raw_x	raw	4537.1	4537.1	4.44048	4.31954	4.56142	4.44048	4.31954	4.56142
avi_mean	A_raw_x	raw	4549.84	4549.84	4.44054	4.31924	4.56184	4.44054	4.31924	4.56184
avi_mean	A_raw_x	raw	4562.58	4562.58	4.44059	4.31893	4.56225	4.44059	4.31893	4.56225
avi_mean	A_raw_x	raw	4575.33	4575.33	4.44065	4.31863	4.56267	4.44065	4.31863	4.56267
avi_mean	A_raw_x	raw	4588.07	4588.07	4.4407	4.31832	4.56308	4.4407	4.31832	4.56308
avi_mean	A_raw_x	raw	4600.81	4600.81	4.44076	4.31802	4.5635	4.44076	4.31802	4.5635
avi_mean	A_raw_x	raw	4613.55	4613.55	4.44081	4.31772	4.56391	4.44081	4.31772	4.56391
avi_mean	A_raw_x	raw	4626.29	4626.29	4.44087	4.31741	4.56433	4.44087	4.31741	4.56433
avi_mean	A_raw_x	raw	4639.04	4639.04	4.44092	4.31711	4.56474	4.44092	4.31711	4.56474
avi_mean	A_raw_x	raw	4651.78	4651.78	4.44098	4.3168	4.56516	4.44098	4.3168	4.56516
avi_mean	A_raw_x	raw	4664.52	4664.52	4.44104	4.3165	4.56557	4.44104	4.3165	4.56557
avi_mean	A_raw_x	raw	4677.26	4677.26	4.44109	4.3162	4.56599	4.44109	4.3162	4.56599
avi_mean	A_raw_x	raw	4690	4690	4.44115	4.31589	4.5664	4.44115	4.31589	4.5664
avi_mean	A_raw_x	raw	4702.74	4702.74	4.4412	4.31559	4.56682	4.4412	4.31559	4.56682
avi_mean	A_raw_x	raw	4715.49	4715.49	4.44126	4.31528	4.56723	4.44126	4.31528	4.56723
avi_mean	A_raw_x	raw	4728.23	4728.23	4.44131	4.31498	4.56765	4.44131	4.31498	4.56765
avi_mean	A_raw_x	raw	4740.97	4740.97	4.44137	4.31467	4.56806	4.44137	4.31467	4.56806
avi_mean	A_raw_x	raw	4753.71	4753.71	4.44142	4.31437	4.56848	4.44142	4.31437	4.56848
avi_mean	A_raw_x	raw	4766.45	4766.45	4.44148	4.31407	4.56889	4.44148	4.31407	4.56889
avi_mean	A_raw_x	raw	4779.2	4779.2	4.44154	4.31376	4.56931	4.44154	4.31376	4.56931
avi_mean	A_raw_x	raw	4791.94	4791.94	4.44159	4.31346	4.56972	4.44159	4.31346	4.56972
avi_mean	A_raw_x	raw	4804.68	4804.68	4.44165	4.31315	4.57014	4.44165	4.31315	4.57014
avi_mean	A_raw_x	raw	4817.42	4817.42	4.4417	4.31285	4.57056	4.4417	4.31285	4.57056
avi_mean	A_raw_x	raw	4830.16	4830.16	4.44176	4.31255	4.57097	4.44176	4.31255	4.57097
avi_mean	A_raw_x	raw	4842.9	4842.9	4.44181	4.31224	4.57139	4.44181	4.31224	4.57139
avi_mean	A_raw_x	raw	4855.65	4855.65	4.44187	4.31194	4.5718	4.44187	4.31194	4.5718
avi_mean	A_raw_x	raw	4868.39	4868.39	4.44192	4.31163	4.57222	4.44192	4.31163	4.57222
avi_mean	A_raw_x	raw	4881.13	4881.13	4.44198	4.31133	4.57263	4.44198	4.31133	4.57263
avi_mean	A_raw_x	raw	4893.87	4893.87	4.44204	4.31102	4.57305	4.44204	4.31102	4.57305
avi_mean	A_raw_x	raw	4906.61	4906.61	4.44209	4.31072	4.57346	4.44209	4.31072	4.57346
avi_mean	A_raw_x	raw	4919.36	4919.36	4.44215	4.31042	4.57388	4.44215	4.31042	4.57388
avi_mean	A_raw_x	raw	4932.1	4932.1	4.4422	4.31011	4.57429	4.4422	4.31011	4.57429
avi_mean	A_raw_x	raw	4944.84	4944.84	4.44226	4.30981	4.57471	4.44226	4.30981	4.57471
avi_mean	A_raw_x	raw	4957.58	4957.58	4.44231	4.3095	4.57512	4.44231	4.3095	4.57512
avi_mean	A_raw_x	raw	4970.32	4970.32	4.44237	4.3092	4.57554	4.44237	4.3092	4.57554
avi_mean	A_raw_x	raw	4983.07	4983.07	4.44242	4.30889	4.57596	4.44242	4.30889	4.57596
avi_mean	A_raw_x	raw	4995.81	4995.81	4.44248	4.30859	4.57637	4.44248	4.30859	4.57637
avi_mean	A_raw_x	raw	5008.55	5008.55	4.44254	4.30829	4.57679	4.44254	4.30829	4.57679
avi_mean	A_raw_x	raw	5021.29	5021.29	4.44259	4.30798	4.5772	4.44259	4.30798	4.5772
avi_mean	A_raw_x	raw	5034.03	5034.03	4.44265	4.30768	4.57762	4.44265	4.30768	4.57762
avi_mean	A_raw_x	raw	5046.77	5046.77	4.4427	4.30737	4.57803	4.4427	4.30737	4.57803
avi_mean	A_raw_x	raw	5059.52	5059.52	4.44276	4.30707	4.57845	4.44276	4.30707	4.57845
avi_mean	A_raw_x	raw	5072.26	5072.26	4.44281	4.30676	4.57886	4.44281	4.30676	4.57886
avi_mean	A_raw_x	raw	5085	5085	4.44287	4.30646	4.57928	4.44287	4.30646	4.57928
avi_mean	B_log10_x	raw	0	1	4.36036	4.33228	4.38843	4.36036	4.33228	4.38843
avi_mean	B_log10_x	raw	0.00928895	1.02162	4.36064	4.33267	4.3886	4.36064	4.33267	4.3886
avi_mean	B_log10_x	raw	0.0185779	1.04371	4.36092	4.33307	4.38878	4.36092	4.33307	4.38878
avi_mean	B_log10_x	raw	0.0278668	1.06627	4.36121	4.33347	4.38895	4.36121	4.33347	4.38895
avi_mean	B_log10_x	raw	0.0371558	1.08932	4.36149	4.33386	4.38912	4.36149	4.33386	4.38912
avi_mean	B_log10_x	raw	0.0464447	1.11287	4.36177	4.33426	4.38929	4.36177	4.33426	4.38929
avi_mean	B_log10_x	raw	0.0557337	1.13693	4.36205	4.33465	4.38946	4.36205	4.33465	4.38946
avi_mean	B_log10_x	raw	0.0650226	1.16151	4.36234	4.33505	4.38963	4.36234	4.33505	4.38963
avi_mean	B_log10_x	raw	0.0743116	1.18662	4.36262	4.33544	4.3898	4.36262	4.33544	4.3898
avi_mean	B_log10_x	raw	0.0836005	1.21227	4.3629	4.33584	4.38997	4.3629	4.33584	4.38997
avi_mean	B_log10_x	raw	0.0928895	1.23848	4.36319	4.33623	4.39014	4.36319	4.33623	4.39014
avi_mean	B_log10_x	raw	0.102178	1.26526	4.36347	4.33663	4.39031	4.36347	4.33663	4.39031
avi_mean	B_log10_x	raw	0.111467	1.29261	4.36375	4.33702	4.39049	4.36375	4.33702	4.39049
avi_mean	B_log10_x	raw	0.120756	1.32055	4.36404	4.33742	4.39066	4.36404	4.33742	4.39066
avi_mean	B_log10_x	raw	0.130045	1.3491	4.36432	4.33781	4.39083	4.36432	4.33781	4.39083
avi_mean	B_log10_x	raw	0.139334	1.37827	4.3646	4.33821	4.391	4.3646	4.33821	4.391
avi_mean	B_log10_x	raw	0.148623	1.40807	4.36489	4.3386	4.39117	4.36489	4.3386	4.39117
avi_mean	B_log10_x	raw	0.157912	1.43851	4.36517	4.339	4.39134	4.36517	4.339	4.39134
avi_mean	B_log10_x	raw	0.167201	1.46961	4.36545	4.33939	4.39152	4.36545	4.33939	4.39152
avi_mean	B_log10_x	raw	0.17649	1.50138	4.36574	4.33978	4.39169	4.36574	4.33978	4.39169
avi_mean	B_log10_x	raw	0.185779	1.53384	4.36602	4.34018	4.39186	4.36602	4.34018	4.39186
avi_mean	B_log10_x	raw	0.195068	1.567	4.3663	4.34057	4.39203	4.3663	4.34057	4.39203
avi_mean	B_log10_x	raw	0.204357	1.60087	4.36659	4.34097	4.3922	4.36659	4.34097	4.3922
avi_mean	B_log10_x	raw	0.213646	1.63548	4.36687	4.34136	4.39238	4.36687	4.34136	4.39238
avi_mean	B_log10_x	raw	0.222935	1.67084	4.36715	4.34176	4.39255	4.36715	4.34176	4.39255
avi_mean	B_log10_x	raw	0.232224	1.70696	4.36743	4.34215	4.39272	4.36743	4.34215	4.39272
avi_mean	B_log10_x	raw	0.241513	1.74386	4.36772	4.34254	4.39289	4.36772	4.34254	4.39289
avi_mean	B_log10_x	raw	0.250802	1.78156	4.368	4.34294	4.39307	4.368	4.34294	4.39307
avi_mean	B_log10_x	raw	0.260091	1.82008	4.36828	4.34333	4.39324	4.36828	4.34333	4.39324
avi_mean	B_log10_x	raw	0.26938	1.85943	4.36857	4.34372	4.39341	4.36857	4.34372	4.39341
avi_mean	B_log10_x	raw	0.278668	1.89963	4.36885	4.34412	4.39358	4.36885	4.34412	4.39358
avi_mean	B_log10_x	raw	0.287957	1.9407	4.36913	4.34451	4.39376	4.36913	4.34451	4.39376
avi_mean	B_log10_x	raw	0.297246	1.98265	4.36942	4.3449	4.39393	4.36942	4.3449	4.39393
avi_mean	B_log10_x	raw	0.306535	2.02551	4.3697	4.3453	4.3941	4.3697	4.3453	4.3941
avi_mean	B_log10_x	raw	0.315824	2.0693	4.36998	4.34569	4.39428	4.36998	4.34569	4.39428
avi_mean	B_log10_x	raw	0.325113	2.11404	4.37027	4.34608	4.39445	4.37027	4.34608	4.39445
avi_mean	B_log10_x	raw	0.334402	2.15974	4.37055	4.34648	4.39462	4.37055	4.34648	4.39462
avi_mean	B_log10_x	raw	0.343691	2.20644	4.37083	4.34687	4.3948	4.37083	4.34687	4.3948
avi_mean	B_log10_x	raw	0.35298	2.25414	4.37112	4.34726	4.39497	4.37112	4.34726	4.39497
avi_mean	B_log10_x	raw	0.362269	2.30287	4.3714	4.34765	4.39514	4.3714	4.34765	4.39514
avi_mean	B_log10_x	raw	0.371558	2.35265	4.37168	4.34805	4.39532	4.37168	4.34805	4.39532
avi_mean	B_log10_x	raw	0.380847	2.40352	4.37197	4.34844	4.39549	4.37197	4.34844	4.39549
avi_mean	B_log10_x	raw	0.390136	2.45548	4.37225	4.34883	4.39567	4.37225	4.34883	4.39567
avi_mean	B_log10_x	raw	0.399425	2.50856	4.37253	4.34922	4.39584	4.37253	4.34922	4.39584
avi_mean	B_log10_x	raw	0.408714	2.56279	4.37281	4.34961	4.39602	4.37281	4.34961	4.39602
avi_mean	B_log10_x	raw	0.418003	2.6182	4.3731	4.35001	4.39619	4.3731	4.35001	4.39619
avi_mean	B_log10_x	raw	0.427292	2.6748	4.37338	4.3504	4.39636	4.37338	4.3504	4.39636
avi_mean	B_log10_x	raw	0.436581	2.73263	4.37366	4.35079	4.39654	4.37366	4.35079	4.39654
avi_mean	B_log10_x	raw	0.44587	2.79171	4.37395	4.35118	4.39671	4.37395	4.35118	4.39671
avi_mean	B_log10_x	raw	0.455159	2.85206	4.37423	4.35157	4.39689	4.37423	4.35157	4.39689
avi_mean	B_log10_x	raw	0.464447	2.91372	4.37451	4.35196	4.39706	4.37451	4.35196	4.39706
avi_mean	B_log10_x	raw	0.473736	2.97671	4.3748	4.35235	4.39724	4.3748	4.35235	4.39724
avi_mean	B_log10_x	raw	0.483025	3.04106	4.37508	4.35274	4.39741	4.37508	4.35274	4.39741
avi_mean	B_log10_x	raw	0.492314	3.10681	4.37536	4.35314	4.39759	4.37536	4.35314	4.39759
avi_mean	B_log10_x	raw	0.501603	3.17397	4.37565	4.35353	4.39777	4.37565	4.35353	4.39777
avi_mean	B_log10_x	raw	0.510892	3.24259	4.37593	4.35392	4.39794	4.37593	4.35392	4.39794
avi_mean	B_log10_x	raw	0.520181	3.31269	4.37621	4.35431	4.39812	4.37621	4.35431	4.39812
avi_mean	B_log10_x	raw	0.52947	3.38431	4.3765	4.3547	4.39829	4.3765	4.3547	4.39829
avi_mean	B_log10_x	raw	0.538759	3.45748	4.37678	4.35509	4.39847	4.37678	4.35509	4.39847
avi_mean	B_log10_x	raw	0.548048	3.53222	4.37706	4.35548	4.39865	4.37706	4.35548	4.39865
avi_mean	B_log10_x	raw	0.557337	3.60859	4.37734	4.35587	4.39882	4.37734	4.35587	4.39882
avi_mean	B_log10_x	raw	0.566626	3.6866	4.37763	4.35626	4.399	4.37763	4.35626	4.399
avi_mean	B_log10_x	raw	0.575915	3.7663	4.37791	4.35665	4.39918	4.37791	4.35665	4.39918
avi_mean	B_log10_x	raw	0.585204	3.84772	4.37819	4.35704	4.39935	4.37819	4.35704	4.39935
avi_mean	B_log10_x	raw	0.594493	3.93091	4.37848	4.35743	4.39953	4.37848	4.35743	4.39953
avi_mean	B_log10_x	raw	0.603782	4.01589	4.37876	4.35781	4.39971	4.37876	4.35781	4.39971
avi_mean	B_log10_x	raw	0.613071	4.10271	4.37904	4.3582	4.39988	4.37904	4.3582	4.39988
avi_mean	B_log10_x	raw	0.62236	4.19141	4.37933	4.35859	4.40006	4.37933	4.35859	4.40006
avi_mean	B_log10_x	raw	0.631649	4.28202	4.37961	4.35898	4.40024	4.37961	4.35898	4.40024
avi_mean	B_log10_x	raw	0.640938	4.37459	4.37989	4.35937	4.40042	4.37989	4.35937	4.40042
avi_mean	B_log10_x	raw	0.650226	4.46917	4.38018	4.35976	4.4006	4.38018	4.35976	4.4006
avi_mean	B_log10_x	raw	0.659515	4.56578	4.38046	4.36015	4.40077	4.38046	4.36015	4.40077
avi_mean	B_log10_x	raw	0.668804	4.66449	4.38074	4.36053	4.40095	4.38074	4.36053	4.40095
avi_mean	B_log10_x	raw	0.678093	4.76533	4.38103	4.36092	4.40113	4.38103	4.36092	4.40113
avi_mean	B_log10_x	raw	0.687382	4.86836	4.38131	4.36131	4.40131	4.38131	4.36131	4.40131
avi_mean	B_log10_x	raw	0.696671	4.9736	4.38159	4.3617	4.40149	4.38159	4.3617	4.40149
avi_mean	B_log10_x	raw	0.70596	5.08113	4.38188	4.36208	4.40167	4.38188	4.36208	4.40167
avi_mean	B_log10_x	raw	0.715249	5.19098	4.38216	4.36247	4.40185	4.38216	4.36247	4.40185
avi_mean	B_log10_x	raw	0.724538	5.3032	4.38244	4.36286	4.40203	4.38244	4.36286	4.40203
avi_mean	B_log10_x	raw	0.733827	5.41785	4.38272	4.36324	4.40221	4.38272	4.36324	4.40221
avi_mean	B_log10_x	raw	0.743116	5.53498	4.38301	4.36363	4.40239	4.38301	4.36363	4.40239
avi_mean	B_log10_x	raw	0.752405	5.65464	4.38329	4.36402	4.40257	4.38329	4.36402	4.40257
avi_mean	B_log10_x	raw	0.761694	5.77689	4.38357	4.3644	4.40275	4.38357	4.3644	4.40275
avi_mean	B_log10_x	raw	0.770983	5.90178	4.38386	4.36479	4.40293	4.38386	4.36479	4.40293
avi_mean	B_log10_x	raw	0.780272	6.02937	4.38414	4.36517	4.40311	4.38414	4.36517	4.40311
avi_mean	B_log10_x	raw	0.789561	6.15972	4.38442	4.36556	4.40329	4.38442	4.36556	4.40329
avi_mean	B_log10_x	raw	0.79885	6.29288	4.38471	4.36594	4.40347	4.38471	4.36594	4.40347
avi_mean	B_log10_x	raw	0.808139	6.42893	4.38499	4.36633	4.40365	4.38499	4.36633	4.40365
avi_mean	B_log10_x	raw	0.817428	6.56792	4.38527	4.36671	4.40383	4.38527	4.36671	4.40383
avi_mean	B_log10_x	raw	0.826717	6.70991	4.38556	4.3671	4.40401	4.38556	4.3671	4.40401
avi_mean	B_log10_x	raw	0.836005	6.85497	4.38584	4.36748	4.4042	4.38584	4.36748	4.4042
avi_mean	B_log10_x	raw	0.845294	7.00317	4.38612	4.36787	4.40438	4.38612	4.36787	4.40438
avi_mean	B_log10_x	raw	0.854583	7.15457	4.38641	4.36825	4.40456	4.38641	4.36825	4.40456
avi_mean	B_log10_x	raw	0.863872	7.30924	4.38669	4.36863	4.40474	4.38669	4.36863	4.40474
avi_mean	B_log10_x	raw	0.873161	7.46726	4.38697	4.36902	4.40493	4.38697	4.36902	4.40493
avi_mean	B_log10_x	raw	0.88245	7.62869	4.38726	4.3694	4.40511	4.38726	4.3694	4.40511
avi_mean	B_log10_x	raw	0.891739	7.79362	4.38754	4.36978	4.40529	4.38754	4.36978	4.40529
avi_mean	B_log10_x	raw	0.901028	7.96211	4.38782	4.37016	4.40548	4.38782	4.37016	4.40548
avi_mean	B_log10_x	raw	0.910317	8.13424	4.3881	4.37055	4.40566	4.3881	4.37055	4.40566
avi_mean	B_log10_x	raw	0.919606	8.3101	4.38839	4.37093	4.40585	4.38839	4.37093	4.40585
avi_mean	B_log10_x	raw	0.928895	8.48975	4.38867	4.37131	4.40603	4.38867	4.37131	4.40603
avi_mean	B_log10_x	raw	0.938184	8.67329	4.38895	4.37169	4.40622	4.38895	4.37169	4.40622
avi_mean	B_log10_x	raw	0.947473	8.8608	4.38924	4.37207	4.4064	4.38924	4.37207	4.4064
avi_mean	B_log10_x	raw	0.956762	9.05236	4.38952	4.37245	4.40659	4.38952	4.37245	4.40659
avi_mean	B_log10_x	raw	0.966051	9.24806	4.3898	4.37283	4.40677	4.3898	4.37283	4.40677
avi_mean	B_log10_x	raw	0.97534	9.448	4.39009	4.37321	4.40696	4.39009	4.37321	4.40696
avi_mean	B_log10_x	raw	0.984629	9.65225	4.39037	4.37359	4.40715	4.39037	4.37359	4.40715
avi_mean	B_log10_x	raw	0.993918	9.86092	4.39065	4.37397	4.40733	4.39065	4.37397	4.40733
avi_mean	B_log10_x	raw	1.00321	10.0741	4.39094	4.37435	4.40752	4.39094	4.37435	4.40752
avi_mean	B_log10_x	raw	1.0125	10.2919	4.39122	4.37473	4.40771	4.39122	4.37473	4.40771
avi_mean	B_log10_x	raw	1.02178	10.5144	4.3915	4.37511	4.40789	4.3915	4.37511	4.40789
avi_mean	B_log10_x	raw	1.03107	10.7417	4.39179	4.37549	4.40808	4.39179	4.37549	4.40808
avi_mean	B_log10_x	raw	1.04036	10.9739	4.39207	4.37587	4.40827	4.39207	4.37587	4.40827
avi_mean	B_log10_x	raw	1.04965	11.2112	4.39235	4.37624	4.40846	4.39235	4.37624	4.40846
avi_mean	B_log10_x	raw	1.05894	11.4536	4.39263	4.37662	4.40865	4.39263	4.37662	4.40865
avi_mean	B_log10_x	raw	1.06823	11.7012	4.39292	4.377	4.40884	4.39292	4.377	4.40884
avi_mean	B_log10_x	raw	1.07752	11.9541	4.3932	4.37738	4.40903	4.3932	4.37738	4.40903
avi_mean	B_log10_x	raw	1.08681	12.2126	4.39348	4.37775	4.40922	4.39348	4.37775	4.40922
avi_mean	B_log10_x	raw	1.0961	12.4766	4.39377	4.37813	4.40941	4.39377	4.37813	4.40941
avi_mean	B_log10_x	raw	1.10539	12.7463	4.39405	4.3785	4.4096	4.39405	4.3785	4.4096
avi_mean	B_log10_x	raw	1.11467	13.0219	4.39433	4.37888	4.40979	4.39433	4.37888	4.40979
avi_mean	B_log10_x	raw	1.12396	13.3034	4.39462	4.37925	4.40998	4.39462	4.37925	4.40998
avi_mean	B_log10_x	raw	1.13325	13.591	4.3949	4.37963	4.41017	4.3949	4.37963	4.41017
avi_mean	B_log10_x	raw	1.14254	13.8848	4.39518	4.38	4.41037	4.39518	4.38	4.41037
avi_mean	B_log10_x	raw	1.15183	14.185	4.39547	4.38037	4.41056	4.39547	4.38037	4.41056
avi_mean	B_log10_x	raw	1.16112	14.4917	4.39575	4.38075	4.41075	4.39575	4.38075	4.41075
avi_mean	B_log10_x	raw	1.17041	14.805	4.39603	4.38112	4.41095	4.39603	4.38112	4.41095
avi_mean	B_log10_x	raw	1.1797	15.125	4.39632	4.38149	4.41114	4.39632	4.38149	4.41114
avi_mean	B_log10_x	raw	1.18899	15.452	4.3966	4.38186	4.41134	4.3966	4.38186	4.41134
avi_mean	B_log10_x	raw	1.19827	15.7861	4.39688	4.38223	4.41153	4.39688	4.38223	4.41153
avi_mean	B_log10_x	raw	1.20756	16.1274	4.39717	4.3826	4.41173	4.39717	4.3826	4.41173
avi_mean	B_log10_x	raw	1.21685	16.476	4.39745	4.38297	4.41192	4.39745	4.38297	4.41192
avi_mean	B_log10_x	raw	1.22614	16.8322	4.39773	4.38334	4.41212	4.39773	4.38334	4.41212
avi_mean	B_log10_x	raw	1.23543	17.1961	4.39801	4.38371	4.41232	4.39801	4.38371	4.41232
avi_mean	B_log10_x	raw	1.24472	17.5679	4.3983	4.38408	4.41251	4.3983	4.38408	4.41251
avi_mean	B_log10_x	raw	1.25401	17.9477	4.39858	4.38445	4.41271	4.39858	4.38445	4.41271
avi_mean	B_log10_x	raw	1.2633	18.3357	4.39886	4.38482	4.41291	4.39886	4.38482	4.41291
avi_mean	B_log10_x	raw	1.27259	18.7321	4.39915	4.38519	4.41311	4.39915	4.38519	4.41311
avi_mean	B_log10_x	raw	1.28188	19.1371	4.39943	4.38555	4.41331	4.39943	4.38555	4.41331
avi_mean	B_log10_x	raw	1.29116	19.5508	4.39971	4.38592	4.41351	4.39971	4.38592	4.41351
avi_mean	B_log10_x	raw	1.30045	19.9734	4.4	4.38628	4.41371	4.4	4.38628	4.41371
avi_mean	B_log10_x	raw	1.30974	20.4052	4.40028	4.38665	4.41391	4.40028	4.38665	4.41391
avi_mean	B_log10_x	raw	1.31903	20.8464	4.40056	4.38701	4.41411	4.40056	4.38701	4.41411
avi_mean	B_log10_x	raw	1.32832	21.2971	4.40085	4.38738	4.41431	4.40085	4.38738	4.41431
avi_mean	B_log10_x	raw	1.33761	21.7575	4.40113	4.38774	4.41452	4.40113	4.38774	4.41452
avi_mean	B_log10_x	raw	1.3469	22.2279	4.40141	4.3881	4.41472	4.40141	4.3881	4.41472
avi_mean	B_log10_x	raw	1.35619	22.7084	4.4017	4.38847	4.41493	4.4017	4.38847	4.41493
avi_mean	B_log10_x	raw	1.36548	23.1993	4.40198	4.38883	4.41513	4.40198	4.38883	4.41513
avi_mean	B_log10_x	raw	1.37476	23.7009	4.40226	4.38919	4.41534	4.40226	4.38919	4.41534
avi_mean	B_log10_x	raw	1.38405	24.2133	4.40255	4.38955	4.41554	4.40255	4.38955	4.41554
avi_mean	B_log10_x	raw	1.39334	24.7367	4.40283	4.38991	4.41575	4.40283	4.38991	4.41575
avi_mean	B_log10_x	raw	1.40263	25.2715	4.40311	4.39027	4.41596	4.40311	4.39027	4.41596
avi_mean	B_log10_x	raw	1.41192	25.8179	4.40339	4.39062	4.41617	4.40339	4.39062	4.41617
avi_mean	B_log10_x	raw	1.42121	26.376	4.40368	4.39098	4.41637	4.40368	4.39098	4.41637
avi_mean	B_log10_x	raw	1.4305	26.9462	4.40396	4.39134	4.41658	4.40396	4.39134	4.41658
avi_mean	B_log10_x	raw	1.43979	27.5288	4.40424	4.39169	4.41679	4.40424	4.39169	4.41679
avi_mean	B_log10_x	raw	1.44908	28.1239	4.40453	4.39205	4.41701	4.40453	4.39205	4.41701
avi_mean	B_log10_x	raw	1.45837	28.732	4.40481	4.3924	4.41722	4.40481	4.3924	4.41722
avi_mean	B_log10_x	raw	1.46765	29.3531	4.40509	4.39276	4.41743	4.40509	4.39276	4.41743
avi_mean	B_log10_x	raw	1.47694	29.9877	4.40538	4.39311	4.41764	4.40538	4.39311	4.41764
avi_mean	B_log10_x	raw	1.48623	30.636	4.40566	4.39346	4.41786	4.40566	4.39346	4.41786
avi_mean	B_log10_x	raw	1.49552	31.2983	4.40594	4.39381	4.41807	4.40594	4.39381	4.41807
avi_mean	B_log10_x	raw	1.50481	31.9749	4.40623	4.39416	4.41829	4.40623	4.39416	4.41829
avi_mean	B_log10_x	raw	1.5141	32.6662	4.40651	4.39451	4.41851	4.40651	4.39451	4.41851
avi_mean	B_log10_x	raw	1.52339	33.3724	4.40679	4.39486	4.41872	4.40679	4.39486	4.41872
avi_mean	B_log10_x	raw	1.53268	34.0939	4.40708	4.39521	4.41894	4.40708	4.39521	4.41894
avi_mean	B_log10_x	raw	1.54197	34.831	4.40736	4.39556	4.41916	4.40736	4.39556	4.41916
avi_mean	B_log10_x	raw	1.55125	35.584	4.40764	4.3959	4.41938	4.40764	4.3959	4.41938
avi_mean	B_log10_x	raw	1.56054	36.3533	4.40792	4.39625	4.4196	4.40792	4.39625	4.4196
avi_mean	B_log10_x	raw	1.56983	37.1392	4.40821	4.39659	4.41982	4.40821	4.39659	4.41982
avi_mean	B_log10_x	raw	1.57912	37.9421	4.40849	4.39693	4.42005	4.40849	4.39693	4.42005
avi_mean	B_log10_x	raw	1.58841	38.7624	4.40877	4.39728	4.42027	4.40877	4.39728	4.42027
avi_mean	B_log10_x	raw	1.5977	39.6004	4.40906	4.39762	4.4205	4.40906	4.39762	4.4205
avi_mean	B_log10_x	raw	1.60699	40.4565	4.40934	4.39796	4.42072	4.40934	4.39796	4.42072
avi_mean	B_log10_x	raw	1.61628	41.3311	4.40962	4.3983	4.42095	4.40962	4.3983	4.42095
avi_mean	B_log10_x	raw	1.62557	42.2247	4.40991	4.39864	4.42118	4.40991	4.39864	4.42118
avi_mean	B_log10_x	raw	1.63486	43.1375	4.41019	4.39897	4.42141	4.41019	4.39897	4.42141
avi_mean	B_log10_x	raw	1.64414	44.0701	4.41047	4.39931	4.42164	4.41047	4.39931	4.42164
avi_mean	B_log10_x	raw	1.65343	45.0229	4.41076	4.39965	4.42187	4.41076	4.39965	4.42187
avi_mean	B_log10_x	raw	1.66272	45.9962	4.41104	4.39998	4.4221	4.41104	4.39998	4.4221
avi_mean	B_log10_x	raw	1.67201	46.9906	4.41132	4.40031	4.42233	4.41132	4.40031	4.42233
avi_mean	B_log10_x	raw	1.6813	48.0065	4.41161	4.40065	4.42257	4.41161	4.40065	4.42257
avi_mean	B_log10_x	raw	1.69059	49.0443	4.41189	4.40098	4.4228	4.41189	4.40098	4.4228
avi_mean	B_log10_x	raw	1.69988	50.1046	4.41217	4.40131	4.42304	4.41217	4.40131	4.42304
avi_mean	B_log10_x	raw	1.70917	51.1878	4.41246	4.40164	4.42328	4.41246	4.40164	4.42328
avi_mean	B_log10_x	raw	1.71846	52.2945	4.41274	4.40196	4.42351	4.41274	4.40196	4.42351
avi_mean	B_log10_x	raw	1.72774	53.425	4.41302	4.40229	4.42375	4.41302	4.40229	4.42375
avi_mean	B_log10_x	raw	1.73703	54.58	4.4133	4.40261	4.424	4.4133	4.40261	4.424
avi_mean	B_log10_x	raw	1.74632	55.76	4.41359	4.40294	4.42424	4.41359	4.40294	4.42424
avi_mean	B_log10_x	raw	1.75561	56.9654	4.41387	4.40326	4.42448	4.41387	4.40326	4.42448
avi_mean	B_log10_x	raw	1.7649	58.197	4.41415	4.40358	4.42473	4.41415	4.40358	4.42473
avi_mean	B_log10_x	raw	1.77419	59.4551	4.41444	4.4039	4.42497	4.41444	4.4039	4.42497
avi_mean	B_log10_x	raw	1.78348	60.7405	4.41472	4.40422	4.42522	4.41472	4.40422	4.42522
avi_mean	B_log10_x	raw	1.79277	62.0536	4.415	4.40454	4.42547	4.415	4.40454	4.42547
avi_mean	B_log10_x	raw	1.80206	63.3952	4.41529	4.40486	4.42572	4.41529	4.40486	4.42572
avi_mean	B_log10_x	raw	1.81135	64.7657	4.41557	4.40517	4.42597	4.41557	4.40517	4.42597
avi_mean	B_log10_x	raw	1.82063	66.1659	4.41585	4.40549	4.42622	4.41585	4.40549	4.42622
avi_mean	B_log10_x	raw	1.82992	67.5963	4.41614	4.4058	4.42647	4.41614	4.4058	4.42647
avi_mean	B_log10_x	raw	1.83921	69.0577	4.41642	4.40611	4.42673	4.41642	4.40611	4.42673
avi_mean	B_log10_x	raw	1.8485	70.5506	4.4167	4.40642	4.42699	4.4167	4.40642	4.42699
avi_mean	B_log10_x	raw	1.85779	72.0759	4.41699	4.40673	4.42724	4.41699	4.40673	4.42724
avi_mean	B_log10_x	raw	1.86708	73.6341	4.41727	4.40703	4.4275	4.41727	4.40703	4.4275
avi_mean	B_log10_x	raw	1.87637	75.226	4.41755	4.40734	4.42776	4.41755	4.40734	4.42776
avi_mean	B_log10_x	raw	1.88566	76.8523	4.41783	4.40765	4.42802	4.41783	4.40765	4.42802
avi_mean	B_log10_x	raw	1.89495	78.5138	4.41812	4.40795	4.42829	4.41812	4.40795	4.42829
avi_mean	B_log10_x	raw	1.90423	80.2111	4.4184	4.40825	4.42855	4.4184	4.40825	4.42855
avi_mean	B_log10_x	raw	1.91352	81.9452	4.41868	4.40855	4.42882	4.41868	4.40855	4.42882
avi_mean	B_log10_x	raw	1.92281	83.7168	4.41897	4.40885	4.42909	4.41897	4.40885	4.42909
avi_mean	B_log10_x	raw	1.9321	85.5267	4.41925	4.40915	4.42936	4.41925	4.40915	4.42936
avi_mean	B_log10_x	raw	1.94139	87.3757	4.41953	4.40944	4.42963	4.41953	4.40944	4.42963
avi_mean	B_log10_x	raw	1.95068	89.2646	4.41982	4.40974	4.4299	4.41982	4.40974	4.4299
avi_mean	B_log10_x	raw	1.95997	91.1944	4.4201	4.41003	4.43017	4.4201	4.41003	4.43017
avi_mean	B_log10_x	raw	1.96926	93.166	4.42038	4.41032	4.43044	4.42038	4.41032	4.43044
avi_mean	B_log10_x	raw	1.97855	95.1801	4.42067	4.41061	4.43072	4.42067	4.41061	4.43072
avi_mean	B_log10_x	raw	1.98784	97.2378	4.42095	4.4109	4.431	4.42095	4.4109	4.431
avi_mean	B_log10_x	raw	1.99712	99.34	4.42123	4.41119	4.43128	4.42123	4.41119	4.43128
avi_mean	B_log10_x	raw	2.00641	101.488	4.42152	4.41147	4.43156	4.42152	4.41147	4.43156
avi_mean	B_log10_x	raw	2.0157	103.682	4.4218	4.41176	4.43184	4.4218	4.41176	4.43184
avi_mean	B_log10_x	raw	2.02499	105.923	4.42208	4.41204	4.43212	4.42208	4.41204	4.43212
avi_mean	B_log10_x	raw	2.03428	108.213	4.42237	4.41232	4.43241	4.42237	4.41232	4.43241
avi_mean	B_log10_x	raw	2.04357	110.553	4.42265	4.4126	4.43269	4.42265	4.4126	4.43269
avi_mean	B_log10_x	raw	2.05286	112.943	4.42293	4.41288	4.43298	4.42293	4.41288	4.43298
avi_mean	B_log10_x	raw	2.06215	115.384	4.42321	4.41316	4.43327	4.42321	4.41316	4.43327
avi_mean	B_log10_x	raw	2.07144	117.879	4.4235	4.41344	4.43356	4.4235	4.41344	4.43356
avi_mean	B_log10_x	raw	2.08072	120.427	4.42378	4.41371	4.43385	4.42378	4.41371	4.43385
avi_mean	B_log10_x	raw	2.09001	123.031	4.42406	4.41398	4.43415	4.42406	4.41398	4.43415
avi_mean	B_log10_x	raw	2.0993	125.691	4.42435	4.41425	4.43444	4.42435	4.41425	4.43444
avi_mean	B_log10_x	raw	2.10859	128.408	4.42463	4.41453	4.43474	4.42463	4.41453	4.43474
avi_mean	B_log10_x	raw	2.11788	131.184	4.42491	4.41479	4.43503	4.42491	4.41479	4.43503
avi_mean	B_log10_x	raw	2.12717	134.02	4.4252	4.41506	4.43533	4.4252	4.41506	4.43533
avi_mean	B_log10_x	raw	2.13646	136.917	4.42548	4.41533	4.43563	4.42548	4.41533	4.43563
avi_mean	B_log10_x	raw	2.14575	139.877	4.42576	4.41559	4.43593	4.42576	4.41559	4.43593
avi_mean	B_log10_x	raw	2.15504	142.901	4.42605	4.41585	4.43624	4.42605	4.41585	4.43624
avi_mean	B_log10_x	raw	2.16433	145.991	4.42633	4.41612	4.43654	4.42633	4.41612	4.43654
avi_mean	B_log10_x	raw	2.17361	149.147	4.42661	4.41638	4.43685	4.42661	4.41638	4.43685
avi_mean	B_log10_x	raw	2.1829	152.371	4.4269	4.41664	4.43716	4.4269	4.41664	4.43716
avi_mean	B_log10_x	raw	2.19219	155.665	4.42718	4.41689	4.43746	4.42718	4.41689	4.43746
avi_mean	B_log10_x	raw	2.20148	159.031	4.42746	4.41715	4.43777	4.42746	4.41715	4.43777
avi_mean	B_log10_x	raw	2.21077	162.469	4.42775	4.4174	4.43809	4.42775	4.4174	4.43809
avi_mean	B_log10_x	raw	2.22006	165.981	4.42803	4.41766	4.4384	4.42803	4.41766	4.4384
avi_mean	B_log10_x	raw	2.22935	169.57	4.42831	4.41791	4.43871	4.42831	4.41791	4.43871
avi_mean	B_log10_x	raw	2.23864	173.236	4.42859	4.41816	4.43903	4.42859	4.41816	4.43903
avi_mean	B_log10_x	raw	2.24793	176.981	4.42888	4.41841	4.43934	4.42888	4.41841	4.43934
avi_mean	B_log10_x	raw	2.25721	180.807	4.42916	4.41866	4.43966	4.42916	4.41866	4.43966
avi_mean	B_log10_x	raw	2.2665	184.716	4.42944	4.41891	4.43998	4.42944	4.41891	4.43998
avi_mean	B_log10_x	raw	2.27579	188.709	4.42973	4.41915	4.4403	4.42973	4.41915	4.4403
avi_mean	B_log10_x	raw	2.28508	192.789	4.43001	4.4194	4.44062	4.43001	4.4194	4.44062
avi_mean	B_log10_x	raw	2.29437	196.957	4.43029	4.41964	4.44095	4.43029	4.41964	4.44095
avi_mean	B_log10_x	raw	2.30366	201.215	4.43058	4.41988	4.44127	4.43058	4.41988	4.44127
avi_mean	B_log10_x	raw	2.31295	205.565	4.43086	4.42012	4.4416	4.43086	4.42012	4.4416
avi_mean	B_log10_x	raw	2.32224	210.009	4.43114	4.42036	4.44192	4.43114	4.42036	4.44192
avi_mean	B_log10_x	raw	2.33153	214.549	4.43143	4.4206	4.44225	4.43143	4.4206	4.44225
avi_mean	B_log10_x	raw	2.34082	219.187	4.43171	4.42084	4.44258	4.43171	4.42084	4.44258
avi_mean	B_log10_x	raw	2.3501	223.926	4.43199	4.42108	4.44291	4.43199	4.42108	4.44291
avi_mean	B_log10_x	raw	2.35939	228.767	4.43228	4.42131	4.44324	4.43228	4.42131	4.44324
avi_mean	B_log10_x	raw	2.36868	233.713	4.43256	4.42155	4.44357	4.43256	4.42155	4.44357
avi_mean	B_log10_x	raw	2.37797	238.765	4.43284	4.42178	4.44391	4.43284	4.42178	4.44391
avi_mean	B_log10_x	raw	2.38726	243.927	4.43312	4.42201	4.44424	4.43312	4.42201	4.44424
avi_mean	B_log10_x	raw	2.39655	249.201	4.43341	4.42224	4.44457	4.43341	4.42224	4.44457
avi_mean	B_log10_x	raw	2.40584	254.588	4.43369	4.42247	4.44491	4.43369	4.42247	4.44491
avi_mean	B_log10_x	raw	2.41513	260.092	4.43397	4.4227	4.44525	4.43397	4.4227	4.44525
avi_mean	B_log10_x	raw	2.42442	265.715	4.43426	4.42293	4.44559	4.43426	4.42293	4.44559
avi_mean	B_log10_x	raw	2.4337	271.459	4.43454	4.42315	4.44593	4.43454	4.42315	4.44593
avi_mean	B_log10_x	raw	2.44299	277.328	4.43482	4.42338	4.44627	4.43482	4.42338	4.44627
avi_mean	B_log10_x	raw	2.45228	283.324	4.43511	4.42361	4.44661	4.43511	4.42361	4.44661
avi_mean	B_log10_x	raw	2.46157	289.449	4.43539	4.42383	4.44695	4.43539	4.42383	4.44695
avi_mean	B_log10_x	raw	2.47086	295.706	4.43567	4.42405	4.44729	4.43567	4.42405	4.44729
avi_mean	B_log10_x	raw	2.48015	302.099	4.43596	4.42427	4.44764	4.43596	4.42427	4.44764
avi_mean	B_log10_x	raw	2.48944	308.63	4.43624	4.42449	4.44798	4.43624	4.42449	4.44798
avi_mean	B_log10_x	raw	2.49873	315.303	4.43652	4.42471	4.44833	4.43652	4.42471	4.44833
avi_mean	B_log10_x	raw	2.50802	322.119	4.43681	4.42493	4.44868	4.43681	4.42493	4.44868
avi_mean	B_log10_x	raw	2.51731	329.083	4.43709	4.42515	4.44903	4.43709	4.42515	4.44903
avi_mean	B_log10_x	raw	2.52659	336.197	4.43737	4.42537	4.44937	4.43737	4.42537	4.44937
avi_mean	B_log10_x	raw	2.53588	343.466	4.43766	4.42559	4.44972	4.43766	4.42559	4.44972
avi_mean	B_log10_x	raw	2.54517	350.891	4.43794	4.4258	4.45007	4.43794	4.4258	4.45007
avi_mean	B_log10_x	raw	2.55446	358.477	4.43822	4.42602	4.45043	4.43822	4.42602	4.45043
avi_mean	B_log10_x	raw	2.56375	366.227	4.4385	4.42623	4.45078	4.4385	4.42623	4.45078
avi_mean	B_log10_x	raw	2.57304	374.144	4.43879	4.42645	4.45113	4.43879	4.42645	4.45113
avi_mean	B_log10_x	raw	2.58233	382.233	4.43907	4.42666	4.45148	4.43907	4.42666	4.45148
avi_mean	B_log10_x	raw	2.59162	390.496	4.43935	4.42687	4.45184	4.43935	4.42687	4.45184
avi_mean	B_log10_x	raw	2.60091	398.938	4.43964	4.42708	4.45219	4.43964	4.42708	4.45219
avi_mean	B_log10_x	raw	2.61019	407.563	4.43992	4.42729	4.45255	4.43992	4.42729	4.45255
avi_mean	B_log10_x	raw	2.61948	416.374	4.4402	4.4275	4.45291	4.4402	4.4275	4.45291
avi_mean	B_log10_x	raw	2.62877	425.376	4.44049	4.42771	4.45326	4.44049	4.42771	4.45326
avi_mean	B_log10_x	raw	2.63806	434.572	4.44077	4.42792	4.45362	4.44077	4.42792	4.45362
avi_mean	B_log10_x	raw	2.64735	443.967	4.44105	4.42813	4.45398	4.44105	4.42813	4.45398
avi_mean	B_log10_x	raw	2.65664	453.565	4.44134	4.42833	4.45434	4.44134	4.42833	4.45434
avi_mean	B_log10_x	raw	2.66593	463.371	4.44162	4.42854	4.4547	4.44162	4.42854	4.4547
avi_mean	B_log10_x	raw	2.67522	473.388	4.4419	4.42874	4.45506	4.4419	4.42874	4.45506
avi_mean	B_log10_x	raw	2.68451	483.622	4.44219	4.42895	4.45542	4.44219	4.42895	4.45542
avi_mean	B_log10_x	raw	2.6938	494.078	4.44247	4.42915	4.45578	4.44247	4.42915	4.45578
avi_mean	B_log10_x	raw	2.70308	504.759	4.44275	4.42936	4.45615	4.44275	4.42936	4.45615
avi_mean	B_log10_x	raw	2.71237	515.672	4.44304	4.42956	4.45651	4.44304	4.42956	4.45651
avi_mean	B_log10_x	raw	2.72166	526.82	4.44332	4.42976	4.45687	4.44332	4.42976	4.45687
avi_mean	B_log10_x	raw	2.73095	538.209	4.4436	4.42996	4.45724	4.4436	4.42996	4.45724
avi_mean	B_log10_x	raw	2.74024	549.845	4.44388	4.43017	4.4576	4.44388	4.43017	4.4576
avi_mean	B_log10_x	raw	2.74953	561.732	4.44417	4.43037	4.45797	4.44417	4.43037	4.45797
avi_mean	B_log10_x	raw	2.75882	573.876	4.44445	4.43057	4.45834	4.44445	4.43057	4.45834
avi_mean	B_log10_x	raw	2.76811	586.283	4.44473	4.43077	4.4587	4.44473	4.43077	4.4587
avi_mean	B_log10_x	raw	2.7774	598.957	4.44502	4.43096	4.45907	4.44502	4.43096	4.45907
avi_mean	B_log10_x	raw	2.78668	611.906	4.4453	4.43116	4.45944	4.4453	4.43116	4.45944
avi_mean	B_log10_x	raw	2.79597	625.135	4.44558	4.43136	4.45981	4.44558	4.43136	4.45981
avi_mean	B_log10_x	raw	2.80526	638.65	4.44587	4.43156	4.46017	4.44587	4.43156	4.46017
avi_mean	B_log10_x	raw	2.81455	652.457	4.44615	4.43176	4.46054	4.44615	4.43176	4.46054
avi_mean	B_log10_x	raw	2.82384	666.562	4.44643	4.43195	4.46091	4.44643	4.43195	4.46091
avi_mean	B_log10_x	raw	2.83313	680.973	4.44672	4.43215	4.46128	4.44672	4.43215	4.46128
avi_mean	B_log10_x	raw	2.84242	695.695	4.447	4.43234	4.46165	4.447	4.43234	4.46165
avi_mean	B_log10_x	raw	2.85171	710.735	4.44728	4.43254	4.46203	4.44728	4.43254	4.46203
avi_mean	B_log10_x	raw	2.861	726.1	4.44757	4.43273	4.4624	4.44757	4.43273	4.4624
avi_mean	B_log10_x	raw	2.87029	741.798	4.44785	4.43293	4.46277	4.44785	4.43293	4.46277
avi_mean	B_log10_x	raw	2.87957	757.835	4.44813	4.43312	4.46314	4.44813	4.43312	4.46314
avi_mean	B_log10_x	raw	2.88886	774.218	4.44841	4.43331	4.46352	4.44841	4.43331	4.46352
avi_mean	B_log10_x	raw	2.89815	790.956	4.4487	4.43351	4.46389	4.4487	4.43351	4.46389
avi_mean	B_log10_x	raw	2.90744	808.056	4.44898	4.4337	4.46426	4.44898	4.4337	4.46426
avi_mean	B_log10_x	raw	2.91673	825.525	4.44926	4.43389	4.46464	4.44926	4.43389	4.46464
avi_mean	B_log10_x	raw	2.92602	843.372	4.44955	4.43408	4.46501	4.44955	4.43408	4.46501
avi_mean	B_log10_x	raw	2.93531	861.605	4.44983	4.43427	4.46539	4.44983	4.43427	4.46539
avi_mean	B_log10_x	raw	2.9446	880.232	4.45011	4.43447	4.46576	4.45011	4.43447	4.46576
avi_mean	B_log10_x	raw	2.95389	899.262	4.4504	4.43466	4.46614	4.4504	4.43466	4.46614
avi_mean	B_log10_x	raw	2.96317	918.703	4.45068	4.43485	4.46651	4.45068	4.43485	4.46651
avi_mean	B_log10_x	raw	2.97246	938.564	4.45096	4.43504	4.46689	4.45096	4.43504	4.46689
avi_mean	B_log10_x	raw	2.98175	958.855	4.45125	4.43523	4.46727	4.45125	4.43523	4.46727
avi_mean	B_log10_x	raw	2.99104	979.584	4.45153	4.43541	4.46764	4.45153	4.43541	4.46764
avi_mean	B_log10_x	raw	3.00033	1000.76	4.45181	4.4356	4.46802	4.45181	4.4356	4.46802
avi_mean	B_log10_x	raw	3.00962	1022.4	4.4521	4.43579	4.4684	4.4521	4.43579	4.4684
avi_mean	B_log10_x	raw	3.01891	1044.5	4.45238	4.43598	4.46878	4.45238	4.43598	4.46878
avi_mean	B_log10_x	raw	3.0282	1067.08	4.45266	4.43617	4.46916	4.45266	4.43617	4.46916
avi_mean	B_log10_x	raw	3.03749	1090.15	4.45295	4.43635	4.46954	4.45295	4.43635	4.46954
avi_mean	B_log10_x	raw	3.04678	1113.72	4.45323	4.43654	4.46992	4.45323	4.43654	4.46992
avi_mean	B_log10_x	raw	3.05606	1137.8	4.45351	4.43673	4.4703	4.45351	4.43673	4.4703
avi_mean	B_log10_x	raw	3.06535	1162.39	4.45379	4.43691	4.47068	4.45379	4.43691	4.47068
avi_mean	B_log10_x	raw	3.07464	1187.52	4.45408	4.4371	4.47106	4.45408	4.4371	4.47106
avi_mean	B_log10_x	raw	3.08393	1213.2	4.45436	4.43729	4.47144	4.45436	4.43729	4.47144
avi_mean	B_log10_x	raw	3.09322	1239.43	4.45464	4.43747	4.47182	4.45464	4.43747	4.47182
avi_mean	B_log10_x	raw	3.10251	1266.22	4.45493	4.43766	4.4722	4.45493	4.43766	4.4722
avi_mean	B_log10_x	raw	3.1118	1293.59	4.45521	4.43784	4.47258	4.45521	4.43784	4.47258
avi_mean	B_log10_x	raw	3.12109	1321.56	4.45549	4.43803	4.47296	4.45549	4.43803	4.47296
avi_mean	B_log10_x	raw	3.13038	1350.13	4.45578	4.43821	4.47334	4.45578	4.43821	4.47334
avi_mean	B_log10_x	raw	3.13967	1379.32	4.45606	4.43839	4.47373	4.45606	4.43839	4.47373
avi_mean	B_log10_x	raw	3.14895	1409.14	4.45634	4.43858	4.47411	4.45634	4.43858	4.47411
avi_mean	B_log10_x	raw	3.15824	1439.6	4.45663	4.43876	4.47449	4.45663	4.43876	4.47449
avi_mean	B_log10_x	raw	3.16753	1470.73	4.45691	4.43894	4.47487	4.45691	4.43894	4.47487
avi_mean	B_log10_x	raw	3.17682	1502.52	4.45719	4.43913	4.47526	4.45719	4.43913	4.47526
avi_mean	B_log10_x	raw	3.18611	1535	4.45748	4.43931	4.47564	4.45748	4.43931	4.47564
avi_mean	B_log10_x	raw	3.1954	1568.19	4.45776	4.43949	4.47602	4.45776	4.43949	4.47602
avi_mean	B_log10_x	raw	3.20469	1602.09	4.45804	4.43968	4.47641	4.45804	4.43968	4.47641
avi_mean	B_log10_x	raw	3.21398	1636.73	4.45833	4.43986	4.47679	4.45833	4.43986	4.47679
avi_mean	B_log10_x	raw	3.22327	1672.11	4.45861	4.44004	4.47718	4.45861	4.44004	4.47718
avi_mean	B_log10_x	raw	3.23255	1708.26	4.45889	4.44022	4.47756	4.45889	4.44022	4.47756
avi_mean	B_log10_x	raw	3.24184	1745.19	4.45917	4.4404	4.47795	4.45917	4.4404	4.47795
avi_mean	B_log10_x	raw	3.25113	1782.92	4.45946	4.44058	4.47833	4.45946	4.44058	4.47833
avi_mean	B_log10_x	raw	3.26042	1821.47	4.45974	4.44076	4.47872	4.45974	4.44076	4.47872
avi_mean	B_log10_x	raw	3.26971	1860.85	4.46002	4.44095	4.4791	4.46002	4.44095	4.4791
avi_mean	B_log10_x	raw	3.279	1901.08	4.46031	4.44113	4.47949	4.46031	4.44113	4.47949
avi_mean	B_log10_x	raw	3.28829	1942.17	4.46059	4.44131	4.47987	4.46059	4.44131	4.47987
avi_mean	B_log10_x	raw	3.29758	1984.16	4.46087	4.44149	4.48026	4.46087	4.44149	4.48026
avi_mean	B_log10_x	raw	3.30687	2027.06	4.46116	4.44167	4.48065	4.46116	4.44167	4.48065
avi_mean	B_log10_x	raw	3.31616	2070.88	4.46144	4.44185	4.48103	4.46144	4.44185	4.48103
avi_mean	B_log10_x	raw	3.32544	2115.65	4.46172	4.44203	4.48142	4.46172	4.44203	4.48142
avi_mean	B_log10_x	raw	3.33473	2161.39	4.46201	4.4422	4.48181	4.46201	4.4422	4.48181
avi_mean	B_log10_x	raw	3.34402	2208.12	4.46229	4.44238	4.48219	4.46229	4.44238	4.48219
avi_mean	B_log10_x	raw	3.35331	2255.85	4.46257	4.44256	4.48258	4.46257	4.44256	4.48258
avi_mean	B_log10_x	raw	3.3626	2304.62	4.46286	4.44274	4.48297	4.46286	4.44274	4.48297
avi_mean	B_log10_x	raw	3.37189	2354.45	4.46314	4.44292	4.48336	4.46314	4.44292	4.48336
avi_mean	B_log10_x	raw	3.38118	2405.35	4.46342	4.4431	4.48375	4.46342	4.4431	4.48375
avi_mean	B_log10_x	raw	3.39047	2457.35	4.4637	4.44328	4.48413	4.4637	4.44328	4.48413
avi_mean	B_log10_x	raw	3.39976	2510.47	4.46399	4.44345	4.48452	4.46399	4.44345	4.48452
avi_mean	B_log10_x	raw	3.40904	2564.75	4.46427	4.44363	4.48491	4.46427	4.44363	4.48491
avi_mean	B_log10_x	raw	3.41833	2620.19	4.46455	4.44381	4.4853	4.46455	4.44381	4.4853
avi_mean	B_log10_x	raw	3.42762	2676.84	4.46484	4.44399	4.48569	4.46484	4.44399	4.48569
avi_mean	B_log10_x	raw	3.43691	2734.71	4.46512	4.44417	4.48608	4.46512	4.44417	4.48608
avi_mean	B_log10_x	raw	3.4462	2793.83	4.4654	4.44434	4.48647	4.4654	4.44434	4.48647
avi_mean	B_log10_x	raw	3.45549	2854.23	4.46569	4.44452	4.48685	4.46569	4.44452	4.48685
avi_mean	B_log10_x	raw	3.46478	2915.94	4.46597	4.4447	4.48724	4.46597	4.4447	4.48724
avi_mean	B_log10_x	raw	3.47407	2978.98	4.46625	4.44487	4.48763	4.46625	4.44487	4.48763
avi_mean	B_log10_x	raw	3.48336	3043.38	4.46654	4.44505	4.48802	4.46654	4.44505	4.48802
avi_mean	B_log10_x	raw	3.49265	3109.17	4.46682	4.44523	4.48841	4.46682	4.44523	4.48841
avi_mean	B_log10_x	raw	3.50193	3176.39	4.4671	4.4454	4.4888	4.4671	4.4454	4.4888
avi_mean	B_log10_x	raw	3.51122	3245.06	4.46739	4.44558	4.48919	4.46739	4.44558	4.48919
avi_mean	B_log10_x	raw	3.52051	3315.22	4.46767	4.44575	4.48958	4.46767	4.44575	4.48958
avi_mean	B_log10_x	raw	3.5298	3386.89	4.46795	4.44593	4.48997	4.46795	4.44593	4.48997
avi_mean	B_log10_x	raw	3.53909	3460.11	4.46824	4.44611	4.49036	4.46824	4.44611	4.49036
avi_mean	B_log10_x	raw	3.54838	3534.91	4.46852	4.44628	4.49075	4.46852	4.44628	4.49075
avi_mean	B_log10_x	raw	3.55767	3611.33	4.4688	4.44646	4.49115	4.4688	4.44646	4.49115
avi_mean	B_log10_x	raw	3.56696	3689.41	4.46908	4.44663	4.49154	4.46908	4.44663	4.49154
avi_mean	B_log10_x	raw	3.57625	3769.17	4.46937	4.44681	4.49193	4.46937	4.44681	4.49193
avi_mean	B_log10_x	raw	3.58553	3850.66	4.46965	4.44698	4.49232	4.46965	4.44698	4.49232
avi_mean	B_log10_x	raw	3.59482	3933.9	4.46993	4.44716	4.49271	4.46993	4.44716	4.49271
avi_mean	B_log10_x	raw	3.60411	4018.95	4.47022	4.44733	4.4931	4.47022	4.44733	4.4931
avi_mean	B_log10_x	raw	3.6134	4105.83	4.4705	4.44751	4.49349	4.4705	4.44751	4.49349
avi_mean	B_log10_x	raw	3.62269	4194.6	4.47078	4.44768	4.49388	4.47078	4.44768	4.49388
avi_mean	B_log10_x	raw	3.63198	4285.28	4.47107	4.44786	4.49428	4.47107	4.44786	4.49428
avi_mean	B_log10_x	raw	3.64127	4377.92	4.47135	4.44803	4.49467	4.47135	4.44803	4.49467
avi_mean	B_log10_x	raw	3.65056	4472.57	4.47163	4.44821	4.49506	4.47163	4.44821	4.49506
avi_mean	B_log10_x	raw	3.65985	4569.26	4.47192	4.44838	4.49545	4.47192	4.44838	4.49545
avi_mean	B_log10_x	raw	3.66914	4668.05	4.4722	4.44855	4.49584	4.4722	4.44855	4.49584
avi_mean	B_log10_x	raw	3.67842	4768.96	4.47248	4.44873	4.49624	4.47248	4.44873	4.49624
avi_mean	B_log10_x	raw	3.68771	4872.06	4.47277	4.4489	4.49663	4.47277	4.4489	4.49663
avi_mean	B_log10_x	raw	3.697	4977.39	4.47305	4.44907	4.49702	4.47305	4.44907	4.49702
avi_mean	B_log10_x	raw	3.70629	5085	4.47333	4.44925	4.49742	4.47333	4.44925	4.49742
avi_mean	C_loglog	log10	0	1	0.627473	0.624721	0.630226	4.24105	4.21425	4.26801
avi_mean	C_loglog	log10	0.00928895	1.02162	0.627505	0.624763	0.630247	4.24136	4.21467	4.26822
avi_mean	C_loglog	log10	0.0185779	1.04371	0.627537	0.624806	0.630267	4.24167	4.21508	4.26842
avi_mean	C_loglog	log10	0.0278668	1.06627	0.627568	0.624849	0.630288	4.24198	4.2155	4.26862
avi_mean	C_loglog	log10	0.0371558	1.08932	0.6276	0.624892	0.630309	4.24229	4.21591	4.26883
avi_mean	C_loglog	log10	0.0464447	1.11287	0.627632	0.624934	0.630329	4.2426	4.21633	4.26903
avi_mean	C_loglog	log10	0.0557337	1.13693	0.627663	0.624977	0.63035	4.24291	4.21674	4.26923
avi_mean	C_loglog	log10	0.0650226	1.16151	0.627695	0.62502	0.630371	4.24322	4.21716	4.26944
avi_mean	C_loglog	log10	0.0743116	1.18662	0.627727	0.625062	0.630391	4.24353	4.21757	4.26964
avi_mean	C_loglog	log10	0.0836005	1.21227	0.627758	0.625105	0.630412	4.24383	4.21798	4.26984
avi_mean	C_loglog	log10	0.0928895	1.23848	0.62779	0.625148	0.630433	4.24414	4.2184	4.27005
avi_mean	C_loglog	log10	0.102178	1.26526	0.627822	0.62519	0.630453	4.24445	4.21881	4.27025
avi_mean	C_loglog	log10	0.111467	1.29261	0.627854	0.625233	0.630474	4.24476	4.21923	4.27045
avi_mean	C_loglog	log10	0.120756	1.32055	0.627885	0.625276	0.630495	4.24507	4.21964	4.27066
avi_mean	C_loglog	log10	0.130045	1.3491	0.627917	0.625318	0.630516	4.24538	4.22006	4.27086
avi_mean	C_loglog	log10	0.139334	1.37827	0.627949	0.625361	0.630536	4.24569	4.22047	4.27107
avi_mean	C_loglog	log10	0.148623	1.40807	0.62798	0.625403	0.630557	4.246	4.22088	4.27127
avi_mean	C_loglog	log10	0.157912	1.43851	0.628012	0.625446	0.630578	4.24631	4.2213	4.27148
avi_mean	C_loglog	log10	0.167201	1.46961	0.628044	0.625489	0.630599	4.24662	4.22171	4.27168
avi_mean	C_loglog	log10	0.17649	1.50138	0.628075	0.625531	0.630619	4.24693	4.22213	4.27188
avi_mean	C_loglog	log10	0.185779	1.53384	0.628107	0.625574	0.63064	4.24724	4.22254	4.27209
avi_mean	C_loglog	log10	0.195068	1.567	0.628139	0.625616	0.630661	4.24755	4.22295	4.27229
avi_mean	C_loglog	log10	0.204357	1.60087	0.62817	0.625659	0.630682	4.24786	4.22337	4.2725
avi_mean	C_loglog	log10	0.213646	1.63548	0.628202	0.625702	0.630703	4.24817	4.22378	4.2727
avi_mean	C_loglog	log10	0.222935	1.67084	0.628234	0.625744	0.630723	4.24848	4.2242	4.27291
avi_mean	C_loglog	log10	0.232224	1.70696	0.628265	0.625787	0.630744	4.24879	4.22461	4.27311
avi_mean	C_loglog	log10	0.241513	1.74386	0.628297	0.625829	0.630765	4.2491	4.22502	4.27332
avi_mean	C_loglog	log10	0.250802	1.78156	0.628329	0.625872	0.630786	4.24941	4.22544	4.27352
avi_mean	C_loglog	log10	0.260091	1.82008	0.628361	0.625914	0.630807	4.24972	4.22585	4.27373
avi_mean	C_loglog	log10	0.26938	1.85943	0.628392	0.625957	0.630828	4.25003	4.22626	4.27393
avi_mean	C_loglog	log10	0.278668	1.89963	0.628424	0.625999	0.630849	4.25034	4.22668	4.27414
avi_mean	C_loglog	log10	0.287957	1.9407	0.628456	0.626042	0.630869	4.25065	4.22709	4.27434
avi_mean	C_loglog	log10	0.297246	1.98265	0.628487	0.626084	0.63089	4.25096	4.22751	4.27455
avi_mean	C_loglog	log10	0.306535	2.02551	0.628519	0.626127	0.630911	4.25127	4.22792	4.27476
avi_mean	C_loglog	log10	0.315824	2.0693	0.628551	0.626169	0.630932	4.25158	4.22833	4.27496
avi_mean	C_loglog	log10	0.325113	2.11404	0.628582	0.626212	0.630953	4.25189	4.22875	4.27517
avi_mean	C_loglog	log10	0.334402	2.15974	0.628614	0.626254	0.630974	4.2522	4.22916	4.27537
avi_mean	C_loglog	log10	0.343691	2.20644	0.628646	0.626296	0.630995	4.25251	4.22957	4.27558
avi_mean	C_loglog	log10	0.35298	2.25414	0.628677	0.626339	0.631016	4.25282	4.22998	4.27579
avi_mean	C_loglog	log10	0.362269	2.30287	0.628709	0.626381	0.631037	4.25313	4.2304	4.27599
avi_mean	C_loglog	log10	0.371558	2.35265	0.628741	0.626424	0.631058	4.25344	4.23081	4.2762
avi_mean	C_loglog	log10	0.380847	2.40352	0.628772	0.626466	0.631079	4.25375	4.23122	4.27641
avi_mean	C_loglog	log10	0.390136	2.45548	0.628804	0.626508	0.6311	4.25407	4.23164	4.27661
avi_mean	C_loglog	log10	0.399425	2.50856	0.628836	0.626551	0.631121	4.25438	4.23205	4.27682
avi_mean	C_loglog	log10	0.408714	2.56279	0.628868	0.626593	0.631142	4.25469	4.23246	4.27703
avi_mean	C_loglog	log10	0.418003	2.6182	0.628899	0.626635	0.631163	4.255	4.23287	4.27723
avi_mean	C_loglog	log10	0.427292	2.6748	0.628931	0.626678	0.631184	4.25531	4.23329	4.27744
avi_mean	C_loglog	log10	0.436581	2.73263	0.628963	0.62672	0.631205	4.25562	4.2337	4.27765
avi_mean	C_loglog	log10	0.44587	2.79171	0.628994	0.626762	0.631226	4.25593	4.23411	4.27786
avi_mean	C_loglog	log10	0.455159	2.85206	0.629026	0.626805	0.631247	4.25624	4.23452	4.27806
avi_mean	C_loglog	log10	0.464447	2.91372	0.629058	0.626847	0.631268	4.25655	4.23494	4.27827
avi_mean	C_loglog	log10	0.473736	2.97671	0.629089	0.626889	0.631289	4.25686	4.23535	4.27848
avi_mean	C_loglog	log10	0.483025	3.04106	0.629121	0.626931	0.631311	4.25717	4.23576	4.27869
avi_mean	C_loglog	log10	0.492314	3.10681	0.629153	0.626974	0.631332	4.25748	4.23617	4.2789
avi_mean	C_loglog	log10	0.501603	3.17397	0.629184	0.627016	0.631353	4.25779	4.23658	4.2791
avi_mean	C_loglog	log10	0.510892	3.24259	0.629216	0.627058	0.631374	4.2581	4.237	4.27931
avi_mean	C_loglog	log10	0.520181	3.31269	0.629248	0.6271	0.631395	4.25841	4.23741	4.27952
avi_mean	C_loglog	log10	0.52947	3.38431	0.629279	0.627142	0.631416	4.25872	4.23782	4.27973
avi_mean	C_loglog	log10	0.538759	3.45748	0.629311	0.627185	0.631438	4.25903	4.23823	4.27994
avi_mean	C_loglog	log10	0.548048	3.53222	0.629343	0.627227	0.631459	4.25934	4.23864	4.28015
avi_mean	C_loglog	log10	0.557337	3.60859	0.629375	0.627269	0.63148	4.25966	4.23905	4.28036
avi_mean	C_loglog	log10	0.566626	3.6866	0.629406	0.627311	0.631501	4.25997	4.23947	4.28057
avi_mean	C_loglog	log10	0.575915	3.7663	0.629438	0.627353	0.631523	4.26028	4.23988	4.28078
avi_mean	C_loglog	log10	0.585204	3.84772	0.62947	0.627395	0.631544	4.26059	4.24029	4.28099
avi_mean	C_loglog	log10	0.594493	3.93091	0.629501	0.627437	0.631565	4.2609	4.2407	4.2812
avi_mean	C_loglog	log10	0.603782	4.01589	0.629533	0.627479	0.631586	4.26121	4.24111	4.28141
avi_mean	C_loglog	log10	0.613071	4.10271	0.629565	0.627522	0.631608	4.26152	4.24152	4.28162
avi_mean	C_loglog	log10	0.62236	4.19141	0.629596	0.627564	0.631629	4.26183	4.24193	4.28183
avi_mean	C_loglog	log10	0.631649	4.28202	0.629628	0.627606	0.63165	4.26214	4.24234	4.28204
avi_mean	C_loglog	log10	0.640938	4.37459	0.62966	0.627648	0.631672	4.26245	4.24275	4.28225
avi_mean	C_loglog	log10	0.650226	4.46917	0.629691	0.62769	0.631693	4.26276	4.24316	4.28246
avi_mean	C_loglog	log10	0.659515	4.56578	0.629723	0.627732	0.631715	4.26308	4.24357	4.28267
avi_mean	C_loglog	log10	0.668804	4.66449	0.629755	0.627774	0.631736	4.26339	4.24398	4.28288
avi_mean	C_loglog	log10	0.678093	4.76533	0.629786	0.627815	0.631757	4.2637	4.24439	4.28309
avi_mean	C_loglog	log10	0.687382	4.86836	0.629818	0.627857	0.631779	4.26401	4.2448	4.2833
avi_mean	C_loglog	log10	0.696671	4.9736	0.62985	0.627899	0.6318	4.26432	4.24521	4.28352
avi_mean	C_loglog	log10	0.70596	5.08113	0.629881	0.627941	0.631822	4.26463	4.24562	4.28373
avi_mean	C_loglog	log10	0.715249	5.19098	0.629913	0.627983	0.631843	4.26494	4.24603	4.28394
avi_mean	C_loglog	log10	0.724538	5.3032	0.629945	0.628025	0.631865	4.26525	4.24644	4.28415
avi_mean	C_loglog	log10	0.733827	5.41785	0.629977	0.628067	0.631886	4.26556	4.24685	4.28436
avi_mean	C_loglog	log10	0.743116	5.53498	0.630008	0.628108	0.631908	4.26588	4.24726	4.28458
avi_mean	C_loglog	log10	0.752405	5.65464	0.63004	0.62815	0.63193	4.26619	4.24767	4.28479
avi_mean	C_loglog	log10	0.761694	5.77689	0.630072	0.628192	0.631951	4.2665	4.24807	4.285
avi_mean	C_loglog	log10	0.770983	5.90178	0.630103	0.628234	0.631973	4.26681	4.24848	4.28522
avi_mean	C_loglog	log10	0.780272	6.02937	0.630135	0.628276	0.631994	4.26712	4.24889	4.28543
avi_mean	C_loglog	log10	0.789561	6.15972	0.630167	0.628317	0.632016	4.26743	4.2493	4.28564
avi_mean	C_loglog	log10	0.79885	6.29288	0.630198	0.628359	0.632038	4.26774	4.24971	4.28586
avi_mean	C_loglog	log10	0.808139	6.42893	0.63023	0.628401	0.63206	4.26806	4.25011	4.28607
avi_mean	C_loglog	log10	0.817428	6.56792	0.630262	0.628442	0.632081	4.26837	4.25052	4.28629
avi_mean	C_loglog	log10	0.826717	6.70991	0.630293	0.628484	0.632103	4.26868	4.25093	4.2865
avi_mean	C_loglog	log10	0.836005	6.85497	0.630325	0.628525	0.632125	4.26899	4.25134	4.28672
avi_mean	C_loglog	log10	0.845294	7.00317	0.630357	0.628567	0.632147	4.2693	4.25174	4.28693
avi_mean	C_loglog	log10	0.854583	7.15457	0.630388	0.628609	0.632168	4.26961	4.25215	4.28715
avi_mean	C_loglog	log10	0.863872	7.30924	0.63042	0.62865	0.63219	4.26992	4.25256	4.28736
avi_mean	C_loglog	log10	0.873161	7.46726	0.630452	0.628692	0.632212	4.27024	4.25296	4.28758
avi_mean	C_loglog	log10	0.88245	7.62869	0.630484	0.628733	0.632234	4.27055	4.25337	4.2878
avi_mean	C_loglog	log10	0.891739	7.79362	0.630515	0.628774	0.632256	4.27086	4.25377	4.28801
avi_mean	C_loglog	log10	0.901028	7.96211	0.630547	0.628816	0.632278	4.27117	4.25418	4.28823
avi_mean	C_loglog	log10	0.910317	8.13424	0.630579	0.628857	0.6323	4.27148	4.25459	4.28845
avi_mean	C_loglog	log10	0.919606	8.3101	0.63061	0.628899	0.632322	4.27179	4.25499	4.28866
avi_mean	C_loglog	log10	0.928895	8.48975	0.630642	0.62894	0.632344	4.27211	4.2554	4.28888
avi_mean	C_loglog	log10	0.938184	8.67329	0.630674	0.628981	0.632366	4.27242	4.2558	4.2891
avi_mean	C_loglog	log10	0.947473	8.8608	0.630705	0.629023	0.632388	4.27273	4.25621	4.28932
avi_mean	C_loglog	log10	0.956762	9.05236	0.630737	0.629064	0.63241	4.27304	4.25661	4.28953
avi_mean	C_loglog	log10	0.966051	9.24806	0.630769	0.629105	0.632432	4.27335	4.25701	4.28975
avi_mean	C_loglog	log10	0.97534	9.448	0.6308	0.629146	0.632454	4.27366	4.25742	4.28997
avi_mean	C_loglog	log10	0.984629	9.65225	0.630832	0.629187	0.632477	4.27398	4.25782	4.29019
avi_mean	C_loglog	log10	0.993918	9.86092	0.630864	0.629229	0.632499	4.27429	4.25823	4.29041
avi_mean	C_loglog	log10	1.00321	10.0741	0.630895	0.62927	0.632521	4.2746	4.25863	4.29063
avi_mean	C_loglog	log10	1.0125	10.2919	0.630927	0.629311	0.632543	4.27491	4.25903	4.29085
avi_mean	C_loglog	log10	1.02178	10.5144	0.630959	0.629352	0.632566	4.27522	4.25943	4.29107
avi_mean	C_loglog	log10	1.03107	10.7417	0.630991	0.629393	0.632588	4.27554	4.25984	4.29129
avi_mean	C_loglog	log10	1.04036	10.9739	0.631022	0.629434	0.632611	4.27585	4.26024	4.29151
avi_mean	C_loglog	log10	1.04965	11.2112	0.631054	0.629475	0.632633	4.27616	4.26064	4.29174
avi_mean	C_loglog	log10	1.05894	11.4536	0.631086	0.629516	0.632655	4.27647	4.26104	4.29196
avi_mean	C_loglog	log10	1.06823	11.7012	0.631117	0.629557	0.632678	4.27678	4.26144	4.29218
avi_mean	C_loglog	log10	1.07752	11.9541	0.631149	0.629597	0.6327	4.2771	4.26184	4.2924
avi_mean	C_loglog	log10	1.08681	12.2126	0.631181	0.629638	0.632723	4.27741	4.26224	4.29263
avi_mean	C_loglog	log10	1.0961	12.4766	0.631212	0.629679	0.632746	4.27772	4.26264	4.29285
avi_mean	C_loglog	log10	1.10539	12.7463	0.631244	0.62972	0.632768	4.27803	4.26304	4.29307
avi_mean	C_loglog	log10	1.11467	13.0219	0.631276	0.62976	0.632791	4.27834	4.26344	4.2933
avi_mean	C_loglog	log10	1.12396	13.3034	0.631307	0.629801	0.632814	4.27866	4.26384	4.29352
avi_mean	C_loglog	log10	1.13325	13.591	0.631339	0.629842	0.632836	4.27897	4.26424	4.29375
avi_mean	C_loglog	log10	1.14254	13.8848	0.631371	0.629882	0.632859	4.27928	4.26464	4.29397
avi_mean	C_loglog	log10	1.15183	14.185	0.631402	0.629923	0.632882	4.27959	4.26504	4.2942
avi_mean	C_loglog	log10	1.16112	14.4917	0.631434	0.629963	0.632905	4.2799	4.26543	4.29442
avi_mean	C_loglog	log10	1.17041	14.805	0.631466	0.630004	0.632928	4.28022	4.26583	4.29465
avi_mean	C_loglog	log10	1.1797	15.125	0.631497	0.630044	0.632951	4.28053	4.26623	4.29488
avi_mean	C_loglog	log10	1.18899	15.452	0.631529	0.630085	0.632974	4.28084	4.26663	4.29511
avi_mean	C_loglog	log10	1.19827	15.7861	0.631561	0.630125	0.632997	4.28115	4.26702	4.29533
avi_mean	C_loglog	log10	1.20756	16.1274	0.631593	0.630165	0.63302	4.28147	4.26742	4.29556
avi_mean	C_loglog	log10	1.21685	16.476	0.631624	0.630205	0.633043	4.28178	4.26781	4.29579
avi_mean	C_loglog	log10	1.22614	16.8322	0.631656	0.630246	0.633066	4.28209	4.26821	4.29602
avi_mean	C_loglog	log10	1.23543	17.1961	0.631688	0.630286	0.63309	4.2824	4.2686	4.29625
avi_mean	C_loglog	log10	1.24472	17.5679	0.631719	0.630326	0.633113	4.28272	4.269	4.29648
avi_mean	C_loglog	log10	1.25401	17.9477	0.631751	0.630366	0.633136	4.28303	4.26939	4.29671
avi_mean	C_loglog	log10	1.2633	18.3357	0.631783	0.630406	0.63316	4.28334	4.26978	4.29694
avi_mean	C_loglog	log10	1.27259	18.7321	0.631814	0.630446	0.633183	4.28365	4.27018	4.29718
avi_mean	C_loglog	log10	1.28188	19.1371	0.631846	0.630486	0.633207	4.28397	4.27057	4.29741
avi_mean	C_loglog	log10	1.29116	19.5508	0.631878	0.630525	0.63323	4.28428	4.27096	4.29764
avi_mean	C_loglog	log10	1.30045	19.9734	0.631909	0.630565	0.633254	4.28459	4.27135	4.29787
avi_mean	C_loglog	log10	1.30974	20.4052	0.631941	0.630605	0.633277	4.2849	4.27174	4.29811
avi_mean	C_loglog	log10	1.31903	20.8464	0.631973	0.630644	0.633301	4.28522	4.27213	4.29834
avi_mean	C_loglog	log10	1.32832	21.2971	0.632004	0.630684	0.633325	4.28553	4.27252	4.29858
avi_mean	C_loglog	log10	1.33761	21.7575	0.632036	0.630724	0.633349	4.28584	4.27291	4.29881
avi_mean	C_loglog	log10	1.3469	22.2279	0.632068	0.630763	0.633373	4.28615	4.2733	4.29905
avi_mean	C_loglog	log10	1.35619	22.7084	0.6321	0.630803	0.633397	4.28647	4.27369	4.29929
avi_mean	C_loglog	log10	1.36548	23.1993	0.632131	0.630842	0.633421	4.28678	4.27407	4.29953
avi_mean	C_loglog	log10	1.37476	23.7009	0.632163	0.630881	0.633445	4.28709	4.27446	4.29976
avi_mean	C_loglog	log10	1.38405	24.2133	0.632195	0.63092	0.633469	4.28741	4.27485	4.3
avi_mean	C_loglog	log10	1.39334	24.7367	0.632226	0.63096	0.633493	4.28772	4.27523	4.30024
avi_mean	C_loglog	log10	1.40263	25.2715	0.632258	0.630999	0.633517	4.28803	4.27562	4.30048
avi_mean	C_loglog	log10	1.41192	25.8179	0.63229	0.631038	0.633542	4.28834	4.276	4.30072
avi_mean	C_loglog	log10	1.42121	26.376	0.632321	0.631077	0.633566	4.28866	4.27638	4.30097
avi_mean	C_loglog	log10	1.4305	26.9462	0.632353	0.631116	0.633591	4.28897	4.27677	4.30121
avi_mean	C_loglog	log10	1.43979	27.5288	0.632385	0.631154	0.633615	4.28928	4.27715	4.30145
avi_mean	C_loglog	log10	1.44908	28.1239	0.632416	0.631193	0.63364	4.2896	4.27753	4.3017
avi_mean	C_loglog	log10	1.45837	28.732	0.632448	0.631232	0.633664	4.28991	4.27791	4.30194
avi_mean	C_loglog	log10	1.46765	29.3531	0.63248	0.63127	0.633689	4.29022	4.27829	4.30219
avi_mean	C_loglog	log10	1.47694	29.9877	0.632511	0.631309	0.633714	4.29054	4.27867	4.30243
avi_mean	C_loglog	log10	1.48623	30.636	0.632543	0.631347	0.633739	4.29085	4.27905	4.30268
avi_mean	C_loglog	log10	1.49552	31.2983	0.632575	0.631386	0.633764	4.29116	4.27943	4.30293
avi_mean	C_loglog	log10	1.50481	31.9749	0.632607	0.631424	0.633789	4.29147	4.2798	4.30318
avi_mean	C_loglog	log10	1.5141	32.6662	0.632638	0.631462	0.633814	4.29179	4.28018	4.30343
avi_mean	C_loglog	log10	1.52339	33.3724	0.63267	0.6315	0.63384	4.2921	4.28056	4.30368
avi_mean	C_loglog	log10	1.53268	34.0939	0.632702	0.631538	0.633865	4.29241	4.28093	4.30393
avi_mean	C_loglog	log10	1.54197	34.831	0.632733	0.631576	0.63389	4.29273	4.28131	4.30418
avi_mean	C_loglog	log10	1.55125	35.584	0.632765	0.631614	0.633916	4.29304	4.28168	4.30443
avi_mean	C_loglog	log10	1.56054	36.3533	0.632797	0.631652	0.633941	4.29335	4.28205	4.30469
avi_mean	C_loglog	log10	1.56983	37.1392	0.632828	0.63169	0.633967	4.29367	4.28242	4.30494
avi_mean	C_loglog	log10	1.57912	37.9421	0.63286	0.631727	0.633993	4.29398	4.28279	4.3052
avi_mean	C_loglog	log10	1.58841	38.7624	0.632892	0.631765	0.634019	4.29429	4.28316	4.30545
avi_mean	C_loglog	log10	1.5977	39.6004	0.632923	0.631802	0.634045	4.29461	4.28353	4.30571
avi_mean	C_loglog	log10	1.60699	40.4565	0.632955	0.631839	0.634071	4.29492	4.2839	4.30597
avi_mean	C_loglog	log10	1.61628	41.3311	0.632987	0.631877	0.634097	4.29523	4.28427	4.30623
avi_mean	C_loglog	log10	1.62557	42.2247	0.633018	0.631914	0.634123	4.29555	4.28463	4.30649
avi_mean	C_loglog	log10	1.63486	43.1375	0.63305	0.631951	0.63415	4.29586	4.285	4.30675
avi_mean	C_loglog	log10	1.64414	44.0701	0.633082	0.631988	0.634176	4.29617	4.28536	4.30701
avi_mean	C_loglog	log10	1.65343	45.0229	0.633114	0.632024	0.634203	4.29649	4.28573	4.30728
avi_mean	C_loglog	log10	1.66272	45.9962	0.633145	0.632061	0.634229	4.2968	4.28609	4.30754
avi_mean	C_loglog	log10	1.67201	46.9906	0.633177	0.632098	0.634256	4.29711	4.28645	4.30781
avi_mean	C_loglog	log10	1.6813	48.0065	0.633209	0.632134	0.634283	4.29743	4.28681	4.30807
avi_mean	C_loglog	log10	1.69059	49.0443	0.63324	0.63217	0.63431	4.29774	4.28717	4.30834
avi_mean	C_loglog	log10	1.69988	50.1046	0.633272	0.632207	0.634337	4.29805	4.28753	4.30861
avi_mean	C_loglog	log10	1.70917	51.1878	0.633304	0.632243	0.634364	4.29837	4.28788	4.30888
avi_mean	C_loglog	log10	1.71846	52.2945	0.633335	0.632279	0.634392	4.29868	4.28824	4.30915
avi_mean	C_loglog	log10	1.72774	53.425	0.633367	0.632315	0.634419	4.299	4.28859	4.30942
avi_mean	C_loglog	log10	1.73703	54.58	0.633399	0.632351	0.634447	4.29931	4.28895	4.3097
avi_mean	C_loglog	log10	1.74632	55.76	0.63343	0.632386	0.634474	4.29962	4.2893	4.30997
avi_mean	C_loglog	log10	1.75561	56.9654	0.633462	0.632422	0.634502	4.29994	4.28965	4.31025
avi_mean	C_loglog	log10	1.7649	58.197	0.633494	0.632457	0.63453	4.30025	4.29	4.31052
avi_mean	C_loglog	log10	1.77419	59.4551	0.633525	0.632493	0.634558	4.30056	4.29035	4.3108
avi_mean	C_loglog	log10	1.78348	60.7405	0.633557	0.632528	0.634586	4.30088	4.2907	4.31108
avi_mean	C_loglog	log10	1.79277	62.0536	0.633589	0.632563	0.634615	4.30119	4.29104	4.31136
avi_mean	C_loglog	log10	1.80206	63.3952	0.63362	0.632598	0.634643	4.30151	4.29139	4.31165
avi_mean	C_loglog	log10	1.81135	64.7657	0.633652	0.632633	0.634672	4.30182	4.29173	4.31193
avi_mean	C_loglog	log10	1.82063	66.1659	0.633684	0.632667	0.6347	4.30213	4.29208	4.31221
avi_mean	C_loglog	log10	1.82992	67.5963	0.633716	0.632702	0.634729	4.30245	4.29242	4.3125
avi_mean	C_loglog	log10	1.83921	69.0577	0.633747	0.632736	0.634758	4.30276	4.29276	4.31279
avi_mean	C_loglog	log10	1.8485	70.5506	0.633779	0.632771	0.634787	4.30308	4.2931	4.31308
avi_mean	C_loglog	log10	1.85779	72.0759	0.633811	0.632805	0.634816	4.30339	4.29344	4.31337
avi_mean	C_loglog	log10	1.86708	73.6341	0.633842	0.632839	0.634846	4.3037	4.29377	4.31366
avi_mean	C_loglog	log10	1.87637	75.226	0.633874	0.632873	0.634875	4.30402	4.29411	4.31395
avi_mean	C_loglog	log10	1.88566	76.8523	0.633906	0.632907	0.634905	4.30433	4.29444	4.31424
avi_mean	C_loglog	log10	1.89495	78.5138	0.633937	0.63294	0.634934	4.30465	4.29477	4.31454
avi_mean	C_loglog	log10	1.90423	80.2111	0.633969	0.632974	0.634964	4.30496	4.29511	4.31484
avi_mean	C_loglog	log10	1.91352	81.9452	0.634001	0.633007	0.634994	4.30527	4.29544	4.31513
avi_mean	C_loglog	log10	1.92281	83.7168	0.634032	0.63304	0.635024	4.30559	4.29576	4.31543
avi_mean	C_loglog	log10	1.9321	85.5267	0.634064	0.633074	0.635055	4.3059	4.29609	4.31573
avi_mean	C_loglog	log10	1.94139	87.3757	0.634096	0.633106	0.635085	4.30622	4.29642	4.31604
avi_mean	C_loglog	log10	1.95068	89.2646	0.634127	0.633139	0.635116	4.30653	4.29674	4.31634
avi_mean	C_loglog	log10	1.95997	91.1944	0.634159	0.633172	0.635146	4.30684	4.29707	4.31665
avi_mean	C_loglog	log10	1.96926	93.166	0.634191	0.633205	0.635177	4.30716	4.29739	4.31695
avi_mean	C_loglog	log10	1.97855	95.1801	0.634223	0.633237	0.635208	4.30747	4.29771	4.31726
avi_mean	C_loglog	log10	1.98784	97.2378	0.634254	0.633269	0.635239	4.30779	4.29803	4.31757
avi_mean	C_loglog	log10	1.99712	99.34	0.634286	0.633301	0.635271	4.3081	4.29834	4.31788
avi_mean	C_loglog	log10	2.00641	101.488	0.634318	0.633333	0.635302	4.30842	4.29866	4.31819
avi_mean	C_loglog	log10	2.0157	103.682	0.634349	0.633365	0.635334	4.30873	4.29898	4.31851
avi_mean	C_loglog	log10	2.02499	105.923	0.634381	0.633397	0.635365	4.30904	4.29929	4.31882
avi_mean	C_loglog	log10	2.03428	108.213	0.634413	0.633428	0.635397	4.30936	4.2996	4.31914
avi_mean	C_loglog	log10	2.04357	110.553	0.634444	0.63346	0.635429	4.30967	4.29991	4.31946
avi_mean	C_loglog	log10	2.05286	112.943	0.634476	0.633491	0.635461	4.30999	4.30022	4.31978
avi_mean	C_loglog	log10	2.06215	115.384	0.634508	0.633522	0.635493	4.3103	4.30053	4.3201
avi_mean	C_loglog	log10	2.07144	117.879	0.634539	0.633553	0.635526	4.31062	4.30084	4.32042
avi_mean	C_loglog	log10	2.08072	120.427	0.634571	0.633584	0.635558	4.31093	4.30114	4.32074
avi_mean	C_loglog	log10	2.09001	123.031	0.634603	0.633615	0.635591	4.31125	4.30145	4.32107
avi_mean	C_loglog	log10	2.0993	125.691	0.634634	0.633645	0.635624	4.31156	4.30175	4.32139
avi_mean	C_loglog	log10	2.10859	128.408	0.634666	0.633675	0.635657	4.31187	4.30205	4.32172
avi_mean	C_loglog	log10	2.11788	131.184	0.634698	0.633706	0.63569	4.31219	4.30235	4.32205
avi_mean	C_loglog	log10	2.12717	134.02	0.63473	0.633736	0.635723	4.3125	4.30265	4.32238
avi_mean	C_loglog	log10	2.13646	136.917	0.634761	0.633766	0.635757	4.31282	4.30295	4.32271
avi_mean	C_loglog	log10	2.14575	139.877	0.634793	0.633796	0.63579	4.31313	4.30324	4.32305
avi_mean	C_loglog	log10	2.15504	142.901	0.634825	0.633825	0.635824	4.31345	4.30354	4.32338
avi_mean	C_loglog	log10	2.16433	145.991	0.634856	0.633855	0.635858	4.31376	4.30383	4.32372
avi_mean	C_loglog	log10	2.17361	149.147	0.634888	0.633884	0.635891	4.31408	4.30412	4.32406
avi_mean	C_loglog	log10	2.1829	152.371	0.63492	0.633914	0.635925	4.31439	4.30441	4.3244
avi_mean	C_loglog	log10	2.19219	155.665	0.634951	0.633943	0.63596	4.31471	4.3047	4.32474
avi_mean	C_loglog	log10	2.20148	159.031	0.634983	0.633972	0.635994	4.31502	4.30499	4.32508
avi_mean	C_loglog	log10	2.21077	162.469	0.635015	0.634001	0.636028	4.31534	4.30528	4.32542
avi_mean	C_loglog	log10	2.22006	165.981	0.635046	0.63403	0.636063	4.31565	4.30556	4.32577
avi_mean	C_loglog	log10	2.22935	169.57	0.635078	0.634058	0.636098	4.31597	4.30585	4.32611
avi_mean	C_loglog	log10	2.23864	173.236	0.63511	0.634087	0.636133	4.31628	4.30613	4.32646
avi_mean	C_loglog	log10	2.24793	176.981	0.635141	0.634115	0.636168	4.3166	4.30641	4.32681
avi_mean	C_loglog	log10	2.25721	180.807	0.635173	0.634144	0.636203	4.31691	4.30669	4.32716
avi_mean	C_loglog	log10	2.2665	184.716	0.635205	0.634172	0.636238	4.31723	4.30697	4.32751
avi_mean	C_loglog	log10	2.27579	188.709	0.635237	0.6342	0.636273	4.31754	4.30725	4.32786
avi_mean	C_loglog	log10	2.28508	192.789	0.635268	0.634228	0.636309	4.31786	4.30752	4.32821
avi_mean	C_loglog	log10	2.29437	196.957	0.6353	0.634256	0.636344	4.31817	4.3078	4.32857
avi_mean	C_loglog	log10	2.30366	201.215	0.635332	0.634283	0.63638	4.31849	4.30807	4.32892
avi_mean	C_loglog	log10	2.31295	205.565	0.635363	0.634311	0.636416	4.3188	4.30835	4.32928
avi_mean	C_loglog	log10	2.32224	210.009	0.635395	0.634338	0.636452	4.31912	4.30862	4.32964
avi_mean	C_loglog	log10	2.33153	214.549	0.635427	0.634366	0.636488	4.31943	4.30889	4.33
avi_mean	C_loglog	log10	2.34082	219.187	0.635458	0.634393	0.636524	4.31975	4.30916	4.33036
avi_mean	C_loglog	log10	2.3501	223.926	0.63549	0.63442	0.63656	4.32006	4.30943	4.33072
avi_mean	C_loglog	log10	2.35939	228.767	0.635522	0.634447	0.636597	4.32038	4.3097	4.33108
avi_mean	C_loglog	log10	2.36868	233.713	0.635553	0.634474	0.636633	4.32069	4.30996	4.33145
avi_mean	C_loglog	log10	2.37797	238.765	0.635585	0.6345	0.63667	4.32101	4.31023	4.33181
avi_mean	C_loglog	log10	2.38726	243.927	0.635617	0.634527	0.636706	4.32132	4.3105	4.33218
avi_mean	C_loglog	log10	2.39655	249.201	0.635648	0.634554	0.636743	4.32164	4.31076	4.33255
avi_mean	C_loglog	log10	2.40584	254.588	0.63568	0.63458	0.63678	4.32195	4.31102	4.33291
avi_mean	C_loglog	log10	2.41513	260.092	0.635712	0.634607	0.636817	4.32227	4.31128	4.33328
avi_mean	C_loglog	log10	2.42442	265.715	0.635743	0.634633	0.636854	4.32258	4.31154	4.33365
avi_mean	C_loglog	log10	2.4337	271.459	0.635775	0.634659	0.636891	4.3229	4.3118	4.33402
avi_mean	C_loglog	log10	2.44299	277.328	0.635807	0.634685	0.636929	4.32322	4.31206	4.3344
avi_mean	C_loglog	log10	2.45228	283.324	0.635839	0.634711	0.636966	4.32353	4.31232	4.33477
avi_mean	C_loglog	log10	2.46157	289.449	0.63587	0.634737	0.637004	4.32385	4.31258	4.33514
avi_mean	C_loglog	log10	2.47086	295.706	0.635902	0.634763	0.637041	4.32416	4.31283	4.33552
avi_mean	C_loglog	log10	2.48015	302.099	0.635934	0.634788	0.637079	4.32448	4.31309	4.3359
avi_mean	C_loglog	log10	2.48944	308.63	0.635965	0.634814	0.637117	4.32479	4.31334	4.33627
avi_mean	C_loglog	log10	2.49873	315.303	0.635997	0.634839	0.637155	4.32511	4.3136	4.33665
avi_mean	C_loglog	log10	2.50802	322.119	0.636029	0.634865	0.637192	4.32542	4.31385	4.33703
avi_mean	C_loglog	log10	2.51731	329.083	0.63606	0.63489	0.637231	4.32574	4.3141	4.33741
avi_mean	C_loglog	log10	2.52659	336.197	0.636092	0.634915	0.637269	4.32606	4.31435	4.33779
avi_mean	C_loglog	log10	2.53588	343.466	0.636124	0.634941	0.637307	4.32637	4.3146	4.33817
avi_mean	C_loglog	log10	2.54517	350.891	0.636155	0.634966	0.637345	4.32669	4.31485	4.33856
avi_mean	C_loglog	log10	2.55446	358.477	0.636187	0.634991	0.637384	4.327	4.3151	4.33894
avi_mean	C_loglog	log10	2.56375	366.227	0.636219	0.635016	0.637422	4.32732	4.31535	4.33932
avi_mean	C_loglog	log10	2.57304	374.144	0.63625	0.63504	0.63746	4.32763	4.31559	4.33971
avi_mean	C_loglog	log10	2.58233	382.233	0.636282	0.635065	0.637499	4.32795	4.31584	4.34009
avi_mean	C_loglog	log10	2.59162	390.496	0.636314	0.63509	0.637538	4.32827	4.31608	4.34048
avi_mean	C_loglog	log10	2.60091	398.938	0.636346	0.635115	0.637577	4.32858	4.31633	4.34087
avi_mean	C_loglog	log10	2.61019	407.563	0.636377	0.635139	0.637615	4.3289	4.31657	4.34126
avi_mean	C_loglog	log10	2.61948	416.374	0.636409	0.635164	0.637654	4.32921	4.31682	4.34164
avi_mean	C_loglog	log10	2.62877	425.376	0.636441	0.635188	0.637693	4.32953	4.31706	4.34203
avi_mean	C_loglog	log10	2.63806	434.572	0.636472	0.635212	0.637732	4.32984	4.3173	4.34242
avi_mean	C_loglog	log10	2.64735	443.967	0.636504	0.635237	0.637771	4.33016	4.31754	4.34281
avi_mean	C_loglog	log10	2.65664	453.565	0.636536	0.635261	0.63781	4.33048	4.31778	4.34321
avi_mean	C_loglog	log10	2.66593	463.371	0.636567	0.635285	0.63785	4.33079	4.31802	4.3436
avi_mean	C_loglog	log10	2.67522	473.388	0.636599	0.635309	0.637889	4.33111	4.31826	4.34399
avi_mean	C_loglog	log10	2.68451	483.622	0.636631	0.635333	0.637928	4.33142	4.3185	4.34439
avi_mean	C_loglog	log10	2.6938	494.078	0.636662	0.635357	0.637968	4.33174	4.31874	4.34478
avi_mean	C_loglog	log10	2.70308	504.759	0.636694	0.635381	0.638007	4.33206	4.31898	4.34518
avi_mean	C_loglog	log10	2.71237	515.672	0.636726	0.635405	0.638047	4.33237	4.31921	4.34557
avi_mean	C_loglog	log10	2.72166	526.82	0.636757	0.635428	0.638086	4.33269	4.31945	4.34597
avi_mean	C_loglog	log10	2.73095	538.209	0.636789	0.635452	0.638126	4.333	4.31969	4.34636
avi_mean	C_loglog	log10	2.74024	549.845	0.636821	0.635476	0.638166	4.33332	4.31992	4.34676
avi_mean	C_loglog	log10	2.74953	561.732	0.636853	0.635499	0.638206	4.33364	4.32016	4.34716
avi_mean	C_loglog	log10	2.75882	573.876	0.636884	0.635523	0.638245	4.33395	4.32039	4.34756
avi_mean	C_loglog	log10	2.76811	586.283	0.636916	0.635547	0.638285	4.33427	4.32062	4.34796
avi_mean	C_loglog	log10	2.7774	598.957	0.636948	0.63557	0.638325	4.33459	4.32086	4.34836
avi_mean	C_loglog	log10	2.78668	611.906	0.636979	0.635593	0.638365	4.3349	4.32109	4.34876
avi_mean	C_loglog	log10	2.79597	625.135	0.637011	0.635617	0.638405	4.33522	4.32132	4.34916
avi_mean	C_loglog	log10	2.80526	638.65	0.637043	0.63564	0.638445	4.33553	4.32155	4.34956
avi_mean	C_loglog	log10	2.81455	652.457	0.637074	0.635663	0.638485	4.33585	4.32179	4.34996
avi_mean	C_loglog	log10	2.82384	666.562	0.637106	0.635686	0.638526	4.33617	4.32202	4.35036
avi_mean	C_loglog	log10	2.83313	680.973	0.637138	0.63571	0.638566	4.33648	4.32225	4.35077
avi_mean	C_loglog	log10	2.84242	695.695	0.637169	0.635733	0.638606	4.3368	4.32248	4.35117
avi_mean	C_loglog	log10	2.85171	710.735	0.637201	0.635756	0.638646	4.33712	4.32271	4.35157
avi_mean	C_loglog	log10	2.861	726.1	0.637233	0.635779	0.638687	4.33743	4.32293	4.35198
avi_mean	C_loglog	log10	2.87029	741.798	0.637264	0.635802	0.638727	4.33775	4.32316	4.35238
avi_mean	C_loglog	log10	2.87957	757.835	0.637296	0.635825	0.638768	4.33807	4.32339	4.35279
avi_mean	C_loglog	log10	2.88886	774.218	0.637328	0.635847	0.638808	4.33838	4.32362	4.3532
avi_mean	C_loglog	log10	2.89815	790.956	0.63736	0.63587	0.638849	4.3387	4.32385	4.3536
avi_mean	C_loglog	log10	2.90744	808.056	0.637391	0.635893	0.638889	4.33902	4.32407	4.35401
avi_mean	C_loglog	log10	2.91673	825.525	0.637423	0.635916	0.63893	4.33933	4.3243	4.35442
avi_mean	C_loglog	log10	2.92602	843.372	0.637455	0.635939	0.638971	4.33965	4.32453	4.35482
avi_mean	C_loglog	log10	2.93531	861.605	0.637486	0.635961	0.639011	4.33997	4.32475	4.35523
avi_mean	C_loglog	log10	2.9446	880.232	0.637518	0.635984	0.639052	4.34028	4.32498	4.35564
avi_mean	C_loglog	log10	2.95389	899.262	0.63755	0.636006	0.639093	4.3406	4.3252	4.35605
avi_mean	C_loglog	log10	2.96317	918.703	0.637581	0.636029	0.639134	4.34092	4.32543	4.35646
avi_mean	C_loglog	log10	2.97246	938.564	0.637613	0.636052	0.639174	4.34123	4.32565	4.35687
avi_mean	C_loglog	log10	2.98175	958.855	0.637645	0.636074	0.639215	4.34155	4.32588	4.35728
avi_mean	C_loglog	log10	2.99104	979.584	0.637676	0.636097	0.639256	4.34187	4.3261	4.35769
avi_mean	C_loglog	log10	3.00033	1000.76	0.637708	0.636119	0.639297	4.34218	4.32632	4.3581
avi_mean	C_loglog	log10	3.00962	1022.4	0.63774	0.636141	0.639338	4.3425	4.32655	4.35851
avi_mean	C_loglog	log10	3.01891	1044.5	0.637771	0.636164	0.639379	4.34282	4.32677	4.35892
avi_mean	C_loglog	log10	3.0282	1067.08	0.637803	0.636186	0.63942	4.34313	4.32699	4.35933
avi_mean	C_loglog	log10	3.03749	1090.15	0.637835	0.636208	0.639461	4.34345	4.32721	4.35975
avi_mean	C_loglog	log10	3.04678	1113.72	0.637866	0.636231	0.639502	4.34377	4.32744	4.36016
avi_mean	C_loglog	log10	3.05606	1137.8	0.637898	0.636253	0.639544	4.34408	4.32766	4.36057
avi_mean	C_loglog	log10	3.06535	1162.39	0.63793	0.636275	0.639585	4.3444	4.32788	4.36099
avi_mean	C_loglog	log10	3.07464	1187.52	0.637962	0.636297	0.639626	4.34472	4.3281	4.3614
avi_mean	C_loglog	log10	3.08393	1213.2	0.637993	0.636319	0.639667	4.34503	4.32832	4.36181
avi_mean	C_loglog	log10	3.09322	1239.43	0.638025	0.636341	0.639708	4.34535	4.32854	4.36223
avi_mean	C_loglog	log10	3.10251	1266.22	0.638057	0.636363	0.63975	4.34567	4.32876	4.36264
avi_mean	C_loglog	log10	3.1118	1293.59	0.638088	0.636386	0.639791	4.34599	4.32898	4.36306
avi_mean	C_loglog	log10	3.12109	1321.56	0.63812	0.636408	0.639832	4.3463	4.3292	4.36347
avi_mean	C_loglog	log10	3.13038	1350.13	0.638152	0.63643	0.639874	4.34662	4.32942	4.36389
avi_mean	C_loglog	log10	3.13967	1379.32	0.638183	0.636452	0.639915	4.34694	4.32964	4.36431
avi_mean	C_loglog	log10	3.14895	1409.14	0.638215	0.636473	0.639957	4.34725	4.32986	4.36472
avi_mean	C_loglog	log10	3.15824	1439.6	0.638247	0.636495	0.639998	4.34757	4.33007	4.36514
avi_mean	C_loglog	log10	3.16753	1470.73	0.638278	0.636517	0.64004	4.34789	4.33029	4.36556
avi_mean	C_loglog	log10	3.17682	1502.52	0.63831	0.636539	0.640081	4.34821	4.33051	4.36597
avi_mean	C_loglog	log10	3.18611	1535	0.638342	0.636561	0.640123	4.34852	4.33073	4.36639
avi_mean	C_loglog	log10	3.1954	1568.19	0.638373	0.636583	0.640164	4.34884	4.33095	4.36681
avi_mean	C_loglog	log10	3.20469	1602.09	0.638405	0.636605	0.640206	4.34916	4.33116	4.36723
avi_mean	C_loglog	log10	3.21398	1636.73	0.638437	0.636626	0.640247	4.34948	4.33138	4.36764
avi_mean	C_loglog	log10	3.22327	1672.11	0.638469	0.636648	0.640289	4.34979	4.3316	4.36806
avi_mean	C_loglog	log10	3.23255	1708.26	0.6385	0.63667	0.640331	4.35011	4.33182	4.36848
avi_mean	C_loglog	log10	3.24184	1745.19	0.638532	0.636692	0.640372	4.35043	4.33203	4.3689
avi_mean	C_loglog	log10	3.25113	1782.92	0.638564	0.636713	0.640414	4.35074	4.33225	4.36932
avi_mean	C_loglog	log10	3.26042	1821.47	0.638595	0.636735	0.640456	4.35106	4.33246	4.36974
avi_mean	C_loglog	log10	3.26971	1860.85	0.638627	0.636757	0.640497	4.35138	4.33268	4.37016
avi_mean	C_loglog	log10	3.279	1901.08	0.638659	0.636778	0.640539	4.3517	4.3329	4.37058
avi_mean	C_loglog	log10	3.28829	1942.17	0.63869	0.6368	0.640581	4.35201	4.33311	4.371
avi_mean	C_loglog	log10	3.29758	1984.16	0.638722	0.636821	0.640623	4.35233	4.33333	4.37142
avi_mean	C_loglog	log10	3.30687	2027.06	0.638754	0.636843	0.640664	4.35265	4.33354	4.37184
avi_mean	C_loglog	log10	3.31616	2070.88	0.638785	0.636865	0.640706	4.35297	4.33376	4.37226
avi_mean	C_loglog	log10	3.32544	2115.65	0.638817	0.636886	0.640748	4.35328	4.33397	4.37268
avi_mean	C_loglog	log10	3.33473	2161.39	0.638849	0.636908	0.64079	4.3536	4.33419	4.37311
avi_mean	C_loglog	log10	3.34402	2208.12	0.63888	0.636929	0.640832	4.35392	4.3344	4.37353
avi_mean	C_loglog	log10	3.35331	2255.85	0.638912	0.636951	0.640874	4.35424	4.33461	4.37395
avi_mean	C_loglog	log10	3.3626	2304.62	0.638944	0.636972	0.640916	4.35456	4.33483	4.37437
avi_mean	C_loglog	log10	3.37189	2354.45	0.638976	0.636993	0.640958	4.35487	4.33504	4.37479
avi_mean	C_loglog	log10	3.38118	2405.35	0.639007	0.637015	0.641	4.35519	4.33526	4.37522
avi_mean	C_loglog	log10	3.39047	2457.35	0.639039	0.637036	0.641042	4.35551	4.33547	4.37564
avi_mean	C_loglog	log10	3.39976	2510.47	0.639071	0.637058	0.641084	4.35583	4.33568	4.37606
avi_mean	C_loglog	log10	3.40904	2564.75	0.639102	0.637079	0.641126	4.35614	4.3359	4.37649
avi_mean	C_loglog	log10	3.41833	2620.19	0.639134	0.6371	0.641168	4.35646	4.33611	4.37691
avi_mean	C_loglog	log10	3.42762	2676.84	0.639166	0.637122	0.64121	4.35678	4.33632	4.37733
avi_mean	C_loglog	log10	3.43691	2734.71	0.639197	0.637143	0.641252	4.3571	4.33654	4.37776
avi_mean	C_loglog	log10	3.4462	2793.83	0.639229	0.637164	0.641294	4.35742	4.33675	4.37818
avi_mean	C_loglog	log10	3.45549	2854.23	0.639261	0.637186	0.641336	4.35773	4.33696	4.37861
avi_mean	C_loglog	log10	3.46478	2915.94	0.639292	0.637207	0.641378	4.35805	4.33717	4.37903
avi_mean	C_loglog	log10	3.47407	2978.98	0.639324	0.637228	0.64142	4.35837	4.33739	4.37945
avi_mean	C_loglog	log10	3.48336	3043.38	0.639356	0.637249	0.641462	4.35869	4.3376	4.37988
avi_mean	C_loglog	log10	3.49265	3109.17	0.639387	0.637271	0.641504	4.35901	4.33781	4.3803
avi_mean	C_loglog	log10	3.50193	3176.39	0.639419	0.637292	0.641546	4.35932	4.33802	4.38073
avi_mean	C_loglog	log10	3.51122	3245.06	0.639451	0.637313	0.641589	4.35964	4.33823	4.38116
avi_mean	C_loglog	log10	3.52051	3315.22	0.639483	0.637334	0.641631	4.35996	4.33845	4.38158
avi_mean	C_loglog	log10	3.5298	3386.89	0.639514	0.637355	0.641673	4.36028	4.33866	4.38201
avi_mean	C_loglog	log10	3.53909	3460.11	0.639546	0.637376	0.641715	4.3606	4.33887	4.38243
avi_mean	C_loglog	log10	3.54838	3534.91	0.639578	0.637398	0.641757	4.36091	4.33908	4.38286
avi_mean	C_loglog	log10	3.55767	3611.33	0.639609	0.637419	0.6418	4.36123	4.33929	4.38329
avi_mean	C_loglog	log10	3.56696	3689.41	0.639641	0.63744	0.641842	4.36155	4.3395	4.38371
avi_mean	C_loglog	log10	3.57625	3769.17	0.639673	0.637461	0.641884	4.36187	4.33971	4.38414
avi_mean	C_loglog	log10	3.58553	3850.66	0.639704	0.637482	0.641927	4.36219	4.33992	4.38457
avi_mean	C_loglog	log10	3.59482	3933.9	0.639736	0.637503	0.641969	4.36251	4.34013	4.38499
avi_mean	C_loglog	log10	3.60411	4018.95	0.639768	0.637524	0.642011	4.36282	4.34034	4.38542
avi_mean	C_loglog	log10	3.6134	4105.83	0.639799	0.637545	0.642053	4.36314	4.34056	4.38585
avi_mean	C_loglog	log10	3.62269	4194.6	0.639831	0.637566	0.642096	4.36346	4.34077	4.38627
avi_mean	C_loglog	log10	3.63198	4285.28	0.639863	0.637587	0.642138	4.36378	4.34098	4.3867
avi_mean	C_loglog	log10	3.64127	4377.92	0.639894	0.637608	0.64218	4.3641	4.34119	4.38713
avi_mean	C_loglog	log10	3.65056	4472.57	0.639926	0.637629	0.642223	4.36442	4.3414	4.38756
avi_mean	C_loglog	log10	3.65985	4569.26	0.639958	0.63765	0.642265	4.36473	4.34161	4.38799
avi_mean	C_loglog	log10	3.66914	4668.05	0.639989	0.637671	0.642308	4.36505	4.34182	4.38841
avi_mean	C_loglog	log10	3.67842	4768.96	0.640021	0.637692	0.64235	4.36537	4.34203	4.38884
avi_mean	C_loglog	log10	3.68771	4872.06	0.640053	0.637713	0.642392	4.36569	4.34224	4.38927
avi_mean	C_loglog	log10	3.697	4977.39	0.640085	0.637734	0.642435	4.36601	4.34244	4.3897
avi_mean	C_loglog	log10	3.70629	5085	0.640116	0.637755	0.642477	4.36633	4.34265	4.39013
